model,property,algorithm,seed,simulations,time,robustness,falsified,control points,budget,exploration ratio
AbstractFuelControl_M1,"□_[11.0, 50.0] ((((throttle < 8.8) && ◇_[0.0, 0.05] (40.0 < throttle)) || ((40.0 < throttle) && ◇_[0.0, 0.05] (throttle < 8.8))) ==> □_[1.0, 5.0] (abs(mu) < 0.008))","uniform random",0,100.0,191.0,4.691130953260389E-4,no,10,100,
AbstractFuelControl_M1,"□_[11.0, 50.0] ((((throttle < 8.8) && ◇_[0.0, 0.05] (40.0 < throttle)) || ((40.0 < throttle) && ◇_[0.0, 0.05] (throttle < 8.8))) ==> □_[1.0, 5.0] (abs(mu) < 0.008))","uniform random",315150603258593718,100.0,160.0,0.001050705499248121,no,10,100,
AbstractFuelControl_M1,"□_[11.0, 50.0] ((((throttle < 8.8) && ◇_[0.0, 0.05] (40.0 < throttle)) || ((40.0 < throttle) && ◇_[0.0, 0.05] (throttle < 8.8))) ==> □_[1.0, 5.0] (abs(mu) < 0.008))","uniform random",7630823786141499089,100.0,161.0,0.0012940562769509986,no,10,100,
AbstractFuelControl_M1,"□_[11.0, 50.0] ((((throttle < 8.8) && ◇_[0.0, 0.05] (40.0 < throttle)) || ((40.0 < throttle) && ◇_[0.0, 0.05] (throttle < 8.8))) ==> □_[1.0, 5.0] (abs(mu) < 0.008))","uniform random",-5301851694017329697,100.0,172.0,7.77848776833262E-6,no,10,100,
AbstractFuelControl_M1,"□_[11.0, 50.0] ((((throttle < 8.8) && ◇_[0.0, 0.05] (40.0 < throttle)) || ((40.0 < throttle) && ◇_[0.0, 0.05] (throttle < 8.8))) ==> □_[1.0, 5.0] (abs(mu) < 0.008))","uniform random",-2258660245789451662,100.0,171.0,7.507155289381215E-4,no,10,100,
AbstractFuelControl_M1,"□_[11.0, 50.0] ((((throttle < 8.8) && ◇_[0.0, 0.05] (40.0 < throttle)) || ((40.0 < throttle) && ◇_[0.0, 0.05] (throttle < 8.8))) ==> □_[1.0, 5.0] (abs(mu) < 0.008))","uniform random",-4696441294806461743,100.0,177.0,4.946705254424907E-4,no,10,100,
AbstractFuelControl_M1,"□_[11.0, 50.0] ((((throttle < 8.8) && ◇_[0.0, 0.05] (40.0 < throttle)) || ((40.0 < throttle) && ◇_[0.0, 0.05] (throttle < 8.8))) ==> □_[1.0, 5.0] (abs(mu) < 0.008))","uniform random",3601788519005595039,100.0,165.0,5.490961630820676E-4,no,10,100,
AbstractFuelControl_M1,"□_[11.0, 50.0] ((((throttle < 8.8) && ◇_[0.0, 0.05] (40.0 < throttle)) || ((40.0 < throttle) && ◇_[0.0, 0.05] (throttle < 8.8))) ==> □_[1.0, 5.0] (abs(mu) < 0.008))","uniform random",-1499327789783834940,100.0,163.0,0.0017118287336028645,no,10,100,
AbstractFuelControl_M1,"□_[11.0, 50.0] ((((throttle < 8.8) && ◇_[0.0, 0.05] (40.0 < throttle)) || ((40.0 < throttle) && ◇_[0.0, 0.05] (throttle < 8.8))) ==> □_[1.0, 5.0] (abs(mu) < 0.008))","uniform random",1858223561721539274,100.0,160.0,0.0013717035749694004,no,10,100,
AbstractFuelControl_M1,"□_[11.0, 50.0] ((((throttle < 8.8) && ◇_[0.0, 0.05] (40.0 < throttle)) || ((40.0 < throttle) && ◇_[0.0, 0.05] (throttle < 8.8))) ==> □_[1.0, 5.0] (abs(mu) < 0.008))","uniform random",-6409562954078514626,68.0,109.0,-1.1228570470001725E-4,yes,10,100,
AbstractFuelControl_M1,"□_[11.0, 50.0] ((((throttle < 8.8) && ◇_[0.0, 0.05] (40.0 < throttle)) || ((40.0 < throttle) && ◇_[0.0, 0.05] (throttle < 8.8))) ==> □_[1.0, 5.0] (abs(mu) < 0.008))","uniform random",-8010941719088057840,100.0,162.0,5.897415870919007E-4,no,10,100,
AbstractFuelControl_M1,"□_[11.0, 50.0] ((((throttle < 8.8) && ◇_[0.0, 0.05] (40.0 < throttle)) || ((40.0 < throttle) && ◇_[0.0, 0.05] (throttle < 8.8))) ==> □_[1.0, 5.0] (abs(mu) < 0.008))","uniform random",-6314176621841780307,100.0,161.0,6.432846828197045E-4,no,10,100,
AbstractFuelControl_M1,"□_[11.0, 50.0] ((((throttle < 8.8) && ◇_[0.0, 0.05] (40.0 < throttle)) || ((40.0 < throttle) && ◇_[0.0, 0.05] (throttle < 8.8))) ==> □_[1.0, 5.0] (abs(mu) < 0.008))","uniform random",8590030731364302370,100.0,160.0,0.001015471698556418,no,10,100,
AbstractFuelControl_M1,"□_[11.0, 50.0] ((((throttle < 8.8) && ◇_[0.0, 0.05] (40.0 < throttle)) || ((40.0 < throttle) && ◇_[0.0, 0.05] (throttle < 8.8))) ==> □_[1.0, 5.0] (abs(mu) < 0.008))","uniform random",7319799192450180,100.0,159.0,7.445892712329913E-4,no,10,100,
AbstractFuelControl_M1,"□_[11.0, 50.0] ((((throttle < 8.8) && ◇_[0.0, 0.05] (40.0 < throttle)) || ((40.0 < throttle) && ◇_[0.0, 0.05] (throttle < 8.8))) ==> □_[1.0, 5.0] (abs(mu) < 0.008))","uniform random",-5078917907308709575,100.0,159.0,0.0013466403132673596,no,10,100,
AbstractFuelControl_M1,"□_[11.0, 50.0] ((((throttle < 8.8) && ◇_[0.0, 0.05] (40.0 < throttle)) || ((40.0 < throttle) && ◇_[0.0, 0.05] (throttle < 8.8))) ==> □_[1.0, 5.0] (abs(mu) < 0.008))","uniform random",-4940817515012493240,100.0,159.0,6.203689608024129E-4,no,10,100,
AbstractFuelControl_M1,"□_[11.0, 50.0] ((((throttle < 8.8) && ◇_[0.0, 0.05] (40.0 < throttle)) || ((40.0 < throttle) && ◇_[0.0, 0.05] (throttle < 8.8))) ==> □_[1.0, 5.0] (abs(mu) < 0.008))","uniform random",-546834075685919682,100.0,160.0,1.9423101042547603E-4,no,10,100,
AbstractFuelControl_M1,"□_[11.0, 50.0] ((((throttle < 8.8) && ◇_[0.0, 0.05] (40.0 < throttle)) || ((40.0 < throttle) && ◇_[0.0, 0.05] (throttle < 8.8))) ==> □_[1.0, 5.0] (abs(mu) < 0.008))","uniform random",7405153815203119350,73.0,118.0,-3.239400511652127E-4,yes,10,100,
AbstractFuelControl_M1,"□_[11.0, 50.0] ((((throttle < 8.8) && ◇_[0.0, 0.05] (40.0 < throttle)) || ((40.0 < throttle) && ◇_[0.0, 0.05] (throttle < 8.8))) ==> □_[1.0, 5.0] (abs(mu) < 0.008))","uniform random",1838760505310064618,100.0,158.0,4.2552365533431863E-4,no,10,100,
AbstractFuelControl_M1,"□_[11.0, 50.0] ((((throttle < 8.8) && ◇_[0.0, 0.05] (40.0 < throttle)) || ((40.0 < throttle) && ◇_[0.0, 0.05] (throttle < 8.8))) ==> □_[1.0, 5.0] (abs(mu) < 0.008))","uniform random",741748980863112255,100.0,158.0,0.0028549141467450953,no,10,100,
AbstractFuelControl_M1,"□_[11.0, 50.0] ((((throttle < 8.8) && ◇_[0.0, 0.05] (40.0 < throttle)) || ((40.0 < throttle) && ◇_[0.0, 0.05] (throttle < 8.8))) ==> □_[1.0, 5.0] (abs(mu) < 0.008))","uniform random",-4478838011772953698,100.0,159.0,0.0011338656121517784,no,10,100,
AbstractFuelControl_M1,"□_[11.0, 50.0] ((((throttle < 8.8) && ◇_[0.0, 0.05] (40.0 < throttle)) || ((40.0 < throttle) && ◇_[0.0, 0.05] (throttle < 8.8))) ==> □_[1.0, 5.0] (abs(mu) < 0.008))","uniform random",5214762041411500849,100.0,159.0,9.914479287684783E-4,no,10,100,
AbstractFuelControl_M1,"□_[11.0, 50.0] ((((throttle < 8.8) && ◇_[0.0, 0.05] (40.0 < throttle)) || ((40.0 < throttle) && ◇_[0.0, 0.05] (throttle < 8.8))) ==> □_[1.0, 5.0] (abs(mu) < 0.008))","uniform random",-5809179995904038193,100.0,159.0,6.466729828735057E-5,no,10,100,
AbstractFuelControl_M1,"□_[11.0, 50.0] ((((throttle < 8.8) && ◇_[0.0, 0.05] (40.0 < throttle)) || ((40.0 < throttle) && ◇_[0.0, 0.05] (throttle < 8.8))) ==> □_[1.0, 5.0] (abs(mu) < 0.008))","uniform random",6452961316448800510,100.0,160.0,7.036087779594899E-4,no,10,100,
AbstractFuelControl_M1,"□_[11.0, 50.0] ((((throttle < 8.8) && ◇_[0.0, 0.05] (40.0 < throttle)) || ((40.0 < throttle) && ◇_[0.0, 0.05] (throttle < 8.8))) ==> □_[1.0, 5.0] (abs(mu) < 0.008))","uniform random",-360828207227622714,100.0,159.0,1.269688318812287E-4,no,10,100,
AbstractFuelControl_M1,"□_[11.0, 50.0] ((((throttle < 8.8) && ◇_[0.0, 0.05] (40.0 < throttle)) || ((40.0 < throttle) && ◇_[0.0, 0.05] (throttle < 8.8))) ==> □_[1.0, 5.0] (abs(mu) < 0.008))","uniform random",-7314372387360655408,100.0,159.0,0.0017942683155611691,no,10,100,
AbstractFuelControl_M1,"□_[11.0, 50.0] ((((throttle < 8.8) && ◇_[0.0, 0.05] (40.0 < throttle)) || ((40.0 < throttle) && ◇_[0.0, 0.05] (throttle < 8.8))) ==> □_[1.0, 5.0] (abs(mu) < 0.008))","uniform random",1925555208832004357,100.0,159.0,0.0024134097025643106,no,10,100,
AbstractFuelControl_M1,"□_[11.0, 50.0] ((((throttle < 8.8) && ◇_[0.0, 0.05] (40.0 < throttle)) || ((40.0 < throttle) && ◇_[0.0, 0.05] (throttle < 8.8))) ==> □_[1.0, 5.0] (abs(mu) < 0.008))","uniform random",4301286694564050648,100.0,159.0,0.0021227287375000722,no,10,100,
AbstractFuelControl_M1,"□_[11.0, 50.0] ((((throttle < 8.8) && ◇_[0.0, 0.05] (40.0 < throttle)) || ((40.0 < throttle) && ◇_[0.0, 0.05] (throttle < 8.8))) ==> □_[1.0, 5.0] (abs(mu) < 0.008))","uniform random",-3446901611689492381,100.0,172.0,1.477242225005268E-4,no,10,100,
AbstractFuelControl_M1,"□_[11.0, 50.0] ((((throttle < 8.8) && ◇_[0.0, 0.05] (40.0 < throttle)) || ((40.0 < throttle) && ◇_[0.0, 0.05] (throttle < 8.8))) ==> □_[1.0, 5.0] (abs(mu) < 0.008))","uniform random",8748872814371546164,13.0,23.0,-3.988028900190413E-4,yes,10,100,
AbstractFuelControl_M1,"□_[11.0, 50.0] ((((throttle < 8.8) && ◇_[0.0, 0.05] (40.0 < throttle)) || ((40.0 < throttle) && ◇_[0.0, 0.05] (throttle < 8.8))) ==> □_[1.0, 5.0] (abs(mu) < 0.008))","uniform random",-7626484927947936114,100.0,177.0,0.0021541271081735244,no,10,100,
AbstractFuelControl_M1,"□_[11.0, 50.0] ((((throttle < 8.8) && ◇_[0.0, 0.05] (40.0 < throttle)) || ((40.0 < throttle) && ◇_[0.0, 0.05] (throttle < 8.8))) ==> □_[1.0, 5.0] (abs(mu) < 0.008))","uniform random",-3193613940170180675,100.0,177.0,0.0013374777058441298,no,10,100,
AbstractFuelControl_M1,"□_[11.0, 50.0] ((((throttle < 8.8) && ◇_[0.0, 0.05] (40.0 < throttle)) || ((40.0 < throttle) && ◇_[0.0, 0.05] (throttle < 8.8))) ==> □_[1.0, 5.0] (abs(mu) < 0.008))","uniform random",-5109399106004534282,100.0,175.0,1.1849568434384866E-4,no,10,100,
AbstractFuelControl_M1,"□_[11.0, 50.0] ((((throttle < 8.8) && ◇_[0.0, 0.05] (40.0 < throttle)) || ((40.0 < throttle) && ◇_[0.0, 0.05] (throttle < 8.8))) ==> □_[1.0, 5.0] (abs(mu) < 0.008))","uniform random",-3750207139538288149,71.0,123.0,-2.001995819049876E-4,yes,10,100,
AbstractFuelControl_M1,"□_[11.0, 50.0] ((((throttle < 8.8) && ◇_[0.0, 0.05] (40.0 < throttle)) || ((40.0 < throttle) && ◇_[0.0, 0.05] (throttle < 8.8))) ==> □_[1.0, 5.0] (abs(mu) < 0.008))","uniform random",4168051025571062276,100.0,187.0,2.561110656145102E-4,no,10,100,
AbstractFuelControl_M1,"□_[11.0, 50.0] ((((throttle < 8.8) && ◇_[0.0, 0.05] (40.0 < throttle)) || ((40.0 < throttle) && ◇_[0.0, 0.05] (throttle < 8.8))) ==> □_[1.0, 5.0] (abs(mu) < 0.008))","uniform random",225447680504098044,100.0,184.0,0.0011109532451980472,no,10,100,
AbstractFuelControl_M1,"□_[11.0, 50.0] ((((throttle < 8.8) && ◇_[0.0, 0.05] (40.0 < throttle)) || ((40.0 < throttle) && ◇_[0.0, 0.05] (throttle < 8.8))) ==> □_[1.0, 5.0] (abs(mu) < 0.008))","uniform random",-417623790769824014,100.0,183.0,0.0011350145151267574,no,10,100,
AbstractFuelControl_M1,"□_[11.0, 50.0] ((((throttle < 8.8) && ◇_[0.0, 0.05] (40.0 < throttle)) || ((40.0 < throttle) && ◇_[0.0, 0.05] (throttle < 8.8))) ==> □_[1.0, 5.0] (abs(mu) < 0.008))","uniform random",5844150593729706137,100.0,184.0,6.446469205465474E-4,no,10,100,
AbstractFuelControl_M1,"□_[11.0, 50.0] ((((throttle < 8.8) && ◇_[0.0, 0.05] (40.0 < throttle)) || ((40.0 < throttle) && ◇_[0.0, 0.05] (throttle < 8.8))) ==> □_[1.0, 5.0] (abs(mu) < 0.008))","uniform random",7518853992753625869,100.0,185.0,1.158139216690321E-4,no,10,100,
AbstractFuelControl_M1,"□_[11.0, 50.0] ((((throttle < 8.8) && ◇_[0.0, 0.05] (40.0 < throttle)) || ((40.0 < throttle) && ◇_[0.0, 0.05] (throttle < 8.8))) ==> □_[1.0, 5.0] (abs(mu) < 0.008))","uniform random",-1378745775243663536,100.0,185.0,7.413297837583974E-4,no,10,100,
AbstractFuelControl_M1,"□_[11.0, 50.0] ((((throttle < 8.8) && ◇_[0.0, 0.05] (40.0 < throttle)) || ((40.0 < throttle) && ◇_[0.0, 0.05] (throttle < 8.8))) ==> □_[1.0, 5.0] (abs(mu) < 0.008))","uniform random",6621148435083106315,100.0,184.0,8.263396399406028E-4,no,10,100,
AbstractFuelControl_M1,"□_[11.0, 50.0] ((((throttle < 8.8) && ◇_[0.0, 0.05] (40.0 < throttle)) || ((40.0 < throttle) && ◇_[0.0, 0.05] (throttle < 8.8))) ==> □_[1.0, 5.0] (abs(mu) < 0.008))","uniform random",-5416301782711942293,100.0,182.0,1.663379064597431E-5,no,10,100,
AbstractFuelControl_M1,"□_[11.0, 50.0] ((((throttle < 8.8) && ◇_[0.0, 0.05] (40.0 < throttle)) || ((40.0 < throttle) && ◇_[0.0, 0.05] (throttle < 8.8))) ==> □_[1.0, 5.0] (abs(mu) < 0.008))","uniform random",-9047947875452709630,100.0,182.0,5.420315345347967E-4,no,10,100,
AbstractFuelControl_M1,"□_[11.0, 50.0] ((((throttle < 8.8) && ◇_[0.0, 0.05] (40.0 < throttle)) || ((40.0 < throttle) && ◇_[0.0, 0.05] (throttle < 8.8))) ==> □_[1.0, 5.0] (abs(mu) < 0.008))","uniform random",1072777776283471231,100.0,180.0,0.0011882549536457107,no,10,100,
AbstractFuelControl_M1,"□_[11.0, 50.0] ((((throttle < 8.8) && ◇_[0.0, 0.05] (40.0 < throttle)) || ((40.0 < throttle) && ◇_[0.0, 0.05] (throttle < 8.8))) ==> □_[1.0, 5.0] (abs(mu) < 0.008))","uniform random",-4942825673329525634,100.0,180.0,8.147696821809644E-4,no,10,100,
AbstractFuelControl_M1,"□_[11.0, 50.0] ((((throttle < 8.8) && ◇_[0.0, 0.05] (40.0 < throttle)) || ((40.0 < throttle) && ◇_[0.0, 0.05] (throttle < 8.8))) ==> □_[1.0, 5.0] (abs(mu) < 0.008))","uniform random",327146001898645978,100.0,178.0,4.848091886970815E-4,no,10,100,
AbstractFuelControl_M1,"□_[11.0, 50.0] ((((throttle < 8.8) && ◇_[0.0, 0.05] (40.0 < throttle)) || ((40.0 < throttle) && ◇_[0.0, 0.05] (throttle < 8.8))) ==> □_[1.0, 5.0] (abs(mu) < 0.008))","uniform random",-8057504935224977686,100.0,184.0,3.108385854395587E-4,no,10,100,
AbstractFuelControl_M1,"□_[11.0, 50.0] ((((throttle < 8.8) && ◇_[0.0, 0.05] (40.0 < throttle)) || ((40.0 < throttle) && ◇_[0.0, 0.05] (throttle < 8.8))) ==> □_[1.0, 5.0] (abs(mu) < 0.008))","uniform random",-2252360567897655540,11.0,19.0,-3.2513161372072635E-4,yes,10,100,
AbstractFuelControl_M1,"□_[11.0, 50.0] ((((throttle < 8.8) && ◇_[0.0, 0.05] (40.0 < throttle)) || ((40.0 < throttle) && ◇_[0.0, 0.05] (throttle < 8.8))) ==> □_[1.0, 5.0] (abs(mu) < 0.008))","uniform random",-4926977755733537529,1.0,1.0,-2.021861274945705E-4,yes,10,100,
AbstractFuelControl_M1,"□_[11.0, 50.0] ((((throttle < 8.8) && ◇_[0.0, 0.05] (40.0 < throttle)) || ((40.0 < throttle) && ◇_[0.0, 0.05] (throttle < 8.8))) ==> □_[1.0, 5.0] (abs(mu) < 0.008))","uniform random",7074376777861726470,100.0,180.0,2.503180359718568E-4,no,10,100,
AbstractFuelControl_M1,"□_[11.0, 50.0] ((((throttle < 8.8) && ◇_[0.0, 0.05] (40.0 < throttle)) || ((40.0 < throttle) && ◇_[0.0, 0.05] (throttle < 8.8))) ==> □_[1.0, 5.0] (abs(mu) < 0.008))",adaptive,0,4.0,7.0,-4.525039857681337E-4,yes,"10 10 10 10 10",100,0.25
AbstractFuelControl_M1,"□_[11.0, 50.0] ((((throttle < 8.8) && ◇_[0.0, 0.05] (40.0 < throttle)) || ((40.0 < throttle) && ◇_[0.0, 0.05] (throttle < 8.8))) ==> □_[1.0, 5.0] (abs(mu) < 0.008))",adaptive,-7244253119129237588,2.0,3.0,-5.816750677394358E-4,yes,"10 10 10 10 10",100,0.25
AbstractFuelControl_M1,"□_[11.0, 50.0] ((((throttle < 8.8) && ◇_[0.0, 0.05] (40.0 < throttle)) || ((40.0 < throttle) && ◇_[0.0, 0.05] (throttle < 8.8))) ==> □_[1.0, 5.0] (abs(mu) < 0.008))",adaptive,1890457994316288635,3.0,5.0,-6.095322721073673E-4,yes,"10 10 10 10 10",100,0.25
AbstractFuelControl_M1,"□_[11.0, 50.0] ((((throttle < 8.8) && ◇_[0.0, 0.05] (40.0 < throttle)) || ((40.0 < throttle) && ◇_[0.0, 0.05] (throttle < 8.8))) ==> □_[1.0, 5.0] (abs(mu) < 0.008))",adaptive,3597180927021615465,1.0,1.0,-3.5082899539663065E-4,yes,"10 10 10 10 10",100,0.25
AbstractFuelControl_M1,"□_[11.0, 50.0] ((((throttle < 8.8) && ◇_[0.0, 0.05] (40.0 < throttle)) || ((40.0 < throttle) && ◇_[0.0, 0.05] (throttle < 8.8))) ==> □_[1.0, 5.0] (abs(mu) < 0.008))",adaptive,-5347842971511597446,1.0,2.0,-4.0021373270372057E-4,yes,"10 10 10 10 10",100,0.25
AbstractFuelControl_M1,"□_[11.0, 50.0] ((((throttle < 8.8) && ◇_[0.0, 0.05] (40.0 < throttle)) || ((40.0 < throttle) && ◇_[0.0, 0.05] (throttle < 8.8))) ==> □_[1.0, 5.0] (abs(mu) < 0.008))",adaptive,-3088094382443766117,2.0,3.0,-3.382278201578062E-4,yes,"10 10 10 10 10",100,0.25
AbstractFuelControl_M1,"□_[11.0, 50.0] ((((throttle < 8.8) && ◇_[0.0, 0.05] (40.0 < throttle)) || ((40.0 < throttle) && ◇_[0.0, 0.05] (throttle < 8.8))) ==> □_[1.0, 5.0] (abs(mu) < 0.008))",adaptive,1904118176485440546,6.0,11.0,-5.963566710367532E-4,yes,"10 10 10 10 10",100,0.25
AbstractFuelControl_M1,"□_[11.0, 50.0] ((((throttle < 8.8) && ◇_[0.0, 0.05] (40.0 < throttle)) || ((40.0 < throttle) && ◇_[0.0, 0.05] (throttle < 8.8))) ==> □_[1.0, 5.0] (abs(mu) < 0.008))",adaptive,1814447706881789033,1.0,1.0,-5.982969511975147E-4,yes,"10 10 10 10 10",100,0.25
AbstractFuelControl_M1,"□_[11.0, 50.0] ((((throttle < 8.8) && ◇_[0.0, 0.05] (40.0 < throttle)) || ((40.0 < throttle) && ◇_[0.0, 0.05] (throttle < 8.8))) ==> □_[1.0, 5.0] (abs(mu) < 0.008))",adaptive,4587662410532011296,3.0,5.0,-6.063657553920868E-4,yes,"10 10 10 10 10",100,0.25
AbstractFuelControl_M1,"□_[11.0, 50.0] ((((throttle < 8.8) && ◇_[0.0, 0.05] (40.0 < throttle)) || ((40.0 < throttle) && ◇_[0.0, 0.05] (throttle < 8.8))) ==> □_[1.0, 5.0] (abs(mu) < 0.008))",adaptive,8242383198185877500,10.0,18.0,-5.888393160202801E-4,yes,"10 10 10 10 10",100,0.25
AbstractFuelControl_M1,"□_[11.0, 50.0] ((((throttle < 8.8) && ◇_[0.0, 0.05] (40.0 < throttle)) || ((40.0 < throttle) && ◇_[0.0, 0.05] (throttle < 8.8))) ==> □_[1.0, 5.0] (abs(mu) < 0.008))",adaptive,5292709166710627937,2.0,3.0,-3.5462467474301623E-4,yes,"10 10 10 10 10",100,0.25
AbstractFuelControl_M1,"□_[11.0, 50.0] ((((throttle < 8.8) && ◇_[0.0, 0.05] (40.0 < throttle)) || ((40.0 < throttle) && ◇_[0.0, 0.05] (throttle < 8.8))) ==> □_[1.0, 5.0] (abs(mu) < 0.008))",adaptive,1024629917377150654,1.0,1.0,-5.663456557412141E-4,yes,"10 10 10 10 10",100,0.25
AbstractFuelControl_M1,"□_[11.0, 50.0] ((((throttle < 8.8) && ◇_[0.0, 0.05] (40.0 < throttle)) || ((40.0 < throttle) && ◇_[0.0, 0.05] (throttle < 8.8))) ==> □_[1.0, 5.0] (abs(mu) < 0.008))",adaptive,7945018962153658004,2.0,3.0,-5.664542301684408E-4,yes,"10 10 10 10 10",100,0.25
AbstractFuelControl_M1,"□_[11.0, 50.0] ((((throttle < 8.8) && ◇_[0.0, 0.05] (40.0 < throttle)) || ((40.0 < throttle) && ◇_[0.0, 0.05] (throttle < 8.8))) ==> □_[1.0, 5.0] (abs(mu) < 0.008))",adaptive,-1567502217516417564,1.0,2.0,-6.047101344970399E-4,yes,"10 10 10 10 10",100,0.25
AbstractFuelControl_M1,"□_[11.0, 50.0] ((((throttle < 8.8) && ◇_[0.0, 0.05] (40.0 < throttle)) || ((40.0 < throttle) && ◇_[0.0, 0.05] (throttle < 8.8))) ==> □_[1.0, 5.0] (abs(mu) < 0.008))",adaptive,-1080739125514696903,5.0,9.0,-5.960159193001482E-4,yes,"10 10 10 10 10",100,0.25
AbstractFuelControl_M1,"□_[11.0, 50.0] ((((throttle < 8.8) && ◇_[0.0, 0.05] (40.0 < throttle)) || ((40.0 < throttle) && ◇_[0.0, 0.05] (throttle < 8.8))) ==> □_[1.0, 5.0] (abs(mu) < 0.008))",adaptive,-2923473067956099679,4.0,7.0,-5.717981471162828E-4,yes,"10 10 10 10 10",100,0.25
AbstractFuelControl_M1,"□_[11.0, 50.0] ((((throttle < 8.8) && ◇_[0.0, 0.05] (40.0 < throttle)) || ((40.0 < throttle) && ◇_[0.0, 0.05] (throttle < 8.8))) ==> □_[1.0, 5.0] (abs(mu) < 0.008))",adaptive,1834602972995062580,2.0,3.0,-5.593549008591284E-4,yes,"10 10 10 10 10",100,0.25
AbstractFuelControl_M1,"□_[11.0, 50.0] ((((throttle < 8.8) && ◇_[0.0, 0.05] (40.0 < throttle)) || ((40.0 < throttle) && ◇_[0.0, 0.05] (throttle < 8.8))) ==> □_[1.0, 5.0] (abs(mu) < 0.008))",adaptive,-7106859449136277319,6.0,11.0,-5.148042454579185E-4,yes,"10 10 10 10 10",100,0.25
AbstractFuelControl_M1,"□_[11.0, 50.0] ((((throttle < 8.8) && ◇_[0.0, 0.05] (40.0 < throttle)) || ((40.0 < throttle) && ◇_[0.0, 0.05] (throttle < 8.8))) ==> □_[1.0, 5.0] (abs(mu) < 0.008))",adaptive,-8419492772773619001,2.0,3.0,-2.7787861468132197E-4,yes,"10 10 10 10 10",100,0.25
AbstractFuelControl_M1,"□_[11.0, 50.0] ((((throttle < 8.8) && ◇_[0.0, 0.05] (40.0 < throttle)) || ((40.0 < throttle) && ◇_[0.0, 0.05] (throttle < 8.8))) ==> □_[1.0, 5.0] (abs(mu) < 0.008))",adaptive,8807314199751839364,3.0,5.0,-5.766442645667239E-4,yes,"10 10 10 10 10",100,0.25
AbstractFuelControl_M1,"□_[11.0, 50.0] ((((throttle < 8.8) && ◇_[0.0, 0.05] (40.0 < throttle)) || ((40.0 < throttle) && ◇_[0.0, 0.05] (throttle < 8.8))) ==> □_[1.0, 5.0] (abs(mu) < 0.008))",adaptive,5282643675396329103,2.0,3.0,-5.785416639569954E-4,yes,"10 10 10 10 10",100,0.25
AbstractFuelControl_M1,"□_[11.0, 50.0] ((((throttle < 8.8) && ◇_[0.0, 0.05] (40.0 < throttle)) || ((40.0 < throttle) && ◇_[0.0, 0.05] (throttle < 8.8))) ==> □_[1.0, 5.0] (abs(mu) < 0.008))",adaptive,7089513518609572248,2.0,3.0,-2.0410437695302097E-5,yes,"10 10 10 10 10",100,0.25
AbstractFuelControl_M1,"□_[11.0, 50.0] ((((throttle < 8.8) && ◇_[0.0, 0.05] (40.0 < throttle)) || ((40.0 < throttle) && ◇_[0.0, 0.05] (throttle < 8.8))) ==> □_[1.0, 5.0] (abs(mu) < 0.008))",adaptive,3444740763463206188,2.0,3.0,-4.2495496620854195E-4,yes,"10 10 10 10 10",100,0.25
AbstractFuelControl_M1,"□_[11.0, 50.0] ((((throttle < 8.8) && ◇_[0.0, 0.05] (40.0 < throttle)) || ((40.0 < throttle) && ◇_[0.0, 0.05] (throttle < 8.8))) ==> □_[1.0, 5.0] (abs(mu) < 0.008))",adaptive,-7482944058333020958,3.0,5.0,-1.9290464689581538E-4,yes,"10 10 10 10 10",100,0.25
AbstractFuelControl_M1,"□_[11.0, 50.0] ((((throttle < 8.8) && ◇_[0.0, 0.05] (40.0 < throttle)) || ((40.0 < throttle) && ◇_[0.0, 0.05] (throttle < 8.8))) ==> □_[1.0, 5.0] (abs(mu) < 0.008))",adaptive,4380648408934573676,1.0,1.0,-6.039722585153909E-4,yes,"10 10 10 10 10",100,0.25
AbstractFuelControl_M1,"□_[11.0, 50.0] ((((throttle < 8.8) && ◇_[0.0, 0.05] (40.0 < throttle)) || ((40.0 < throttle) && ◇_[0.0, 0.05] (throttle < 8.8))) ==> □_[1.0, 5.0] (abs(mu) < 0.008))",adaptive,-732695839299313105,9.0,16.0,-6.047740677672733E-4,yes,"10 10 10 10 10",100,0.25
AbstractFuelControl_M1,"□_[11.0, 50.0] ((((throttle < 8.8) && ◇_[0.0, 0.05] (40.0 < throttle)) || ((40.0 < throttle) && ◇_[0.0, 0.05] (throttle < 8.8))) ==> □_[1.0, 5.0] (abs(mu) < 0.008))",adaptive,1039157519813932927,2.0,3.0,-6.04934814231857E-4,yes,"10 10 10 10 10",100,0.25
AbstractFuelControl_M1,"□_[11.0, 50.0] ((((throttle < 8.8) && ◇_[0.0, 0.05] (40.0 < throttle)) || ((40.0 < throttle) && ◇_[0.0, 0.05] (throttle < 8.8))) ==> □_[1.0, 5.0] (abs(mu) < 0.008))",adaptive,-5106957267432234115,6.0,10.0,-5.497101148086506E-4,yes,"10 10 10 10 10",100,0.25
AbstractFuelControl_M1,"□_[11.0, 50.0] ((((throttle < 8.8) && ◇_[0.0, 0.05] (40.0 < throttle)) || ((40.0 < throttle) && ◇_[0.0, 0.05] (throttle < 8.8))) ==> □_[1.0, 5.0] (abs(mu) < 0.008))",adaptive,5415401537239622474,4.0,7.0,-2.822543240848033E-4,yes,"10 10 10 10 10",100,0.25
AbstractFuelControl_M1,"□_[11.0, 50.0] ((((throttle < 8.8) && ◇_[0.0, 0.05] (40.0 < throttle)) || ((40.0 < throttle) && ◇_[0.0, 0.05] (throttle < 8.8))) ==> □_[1.0, 5.0] (abs(mu) < 0.008))",adaptive,-7533377073823851651,5.0,8.0,-5.659635267409938E-4,yes,"10 10 10 10 10",100,0.25
AbstractFuelControl_M1,"□_[11.0, 50.0] ((((throttle < 8.8) && ◇_[0.0, 0.05] (40.0 < throttle)) || ((40.0 < throttle) && ◇_[0.0, 0.05] (throttle < 8.8))) ==> □_[1.0, 5.0] (abs(mu) < 0.008))",adaptive,-2913421439705130768,4.0,7.0,-3.510429096653736E-4,yes,"10 10 10 10 10",100,0.25
AbstractFuelControl_M1,"□_[11.0, 50.0] ((((throttle < 8.8) && ◇_[0.0, 0.05] (40.0 < throttle)) || ((40.0 < throttle) && ◇_[0.0, 0.05] (throttle < 8.8))) ==> □_[1.0, 5.0] (abs(mu) < 0.008))",adaptive,-1589843225057267628,10.0,18.0,-6.039722585153909E-4,yes,"10 10 10 10 10",100,0.25
AbstractFuelControl_M1,"□_[11.0, 50.0] ((((throttle < 8.8) && ◇_[0.0, 0.05] (40.0 < throttle)) || ((40.0 < throttle) && ◇_[0.0, 0.05] (throttle < 8.8))) ==> □_[1.0, 5.0] (abs(mu) < 0.008))",adaptive,-3893215891609952942,1.0,2.0,-5.847017264337742E-4,yes,"10 10 10 10 10",100,0.25
AbstractFuelControl_M1,"□_[11.0, 50.0] ((((throttle < 8.8) && ◇_[0.0, 0.05] (40.0 < throttle)) || ((40.0 < throttle) && ◇_[0.0, 0.05] (throttle < 8.8))) ==> □_[1.0, 5.0] (abs(mu) < 0.008))",adaptive,-2579084102043722701,1.0,1.0,-5.995765087818475E-4,yes,"10 10 10 10 10",100,0.25
AbstractFuelControl_M1,"□_[11.0, 50.0] ((((throttle < 8.8) && ◇_[0.0, 0.05] (40.0 < throttle)) || ((40.0 < throttle) && ◇_[0.0, 0.05] (throttle < 8.8))) ==> □_[1.0, 5.0] (abs(mu) < 0.008))",adaptive,3502947571315221703,1.0,1.0,-4.1692383315151266E-4,yes,"10 10 10 10 10",100,0.25
AbstractFuelControl_M1,"□_[11.0, 50.0] ((((throttle < 8.8) && ◇_[0.0, 0.05] (40.0 < throttle)) || ((40.0 < throttle) && ◇_[0.0, 0.05] (throttle < 8.8))) ==> □_[1.0, 5.0] (abs(mu) < 0.008))",adaptive,-3135140305572842824,1.0,1.0,-2.7440479644447874E-4,yes,"10 10 10 10 10",100,0.25
AbstractFuelControl_M1,"□_[11.0, 50.0] ((((throttle < 8.8) && ◇_[0.0, 0.05] (40.0 < throttle)) || ((40.0 < throttle) && ◇_[0.0, 0.05] (throttle < 8.8))) ==> □_[1.0, 5.0] (abs(mu) < 0.008))",adaptive,-8624678038649827805,7.0,14.0,-3.752799976453128E-4,yes,"10 10 10 10 10",100,0.25
AbstractFuelControl_M1,"□_[11.0, 50.0] ((((throttle < 8.8) && ◇_[0.0, 0.05] (40.0 < throttle)) || ((40.0 < throttle) && ◇_[0.0, 0.05] (throttle < 8.8))) ==> □_[1.0, 5.0] (abs(mu) < 0.008))",adaptive,-1581774640529381523,2.0,3.0,-6.13480484187974E-4,yes,"10 10 10 10 10",100,0.25
AbstractFuelControl_M1,"□_[11.0, 50.0] ((((throttle < 8.8) && ◇_[0.0, 0.05] (40.0 < throttle)) || ((40.0 < throttle) && ◇_[0.0, 0.05] (throttle < 8.8))) ==> □_[1.0, 5.0] (abs(mu) < 0.008))",adaptive,-4778195780377445603,26.0,47.0,-3.687080538685786E-4,yes,"10 10 10 10 10",100,0.25
AbstractFuelControl_M1,"□_[11.0, 50.0] ((((throttle < 8.8) && ◇_[0.0, 0.05] (40.0 < throttle)) || ((40.0 < throttle) && ◇_[0.0, 0.05] (throttle < 8.8))) ==> □_[1.0, 5.0] (abs(mu) < 0.008))",adaptive,8686224571843771529,3.0,6.0,-5.725359717676584E-4,yes,"10 10 10 10 10",100,0.25
AbstractFuelControl_M1,"□_[11.0, 50.0] ((((throttle < 8.8) && ◇_[0.0, 0.05] (40.0 < throttle)) || ((40.0 < throttle) && ◇_[0.0, 0.05] (throttle < 8.8))) ==> □_[1.0, 5.0] (abs(mu) < 0.008))",adaptive,8010401135297251990,1.0,1.0,-6.030275326860471E-4,yes,"10 10 10 10 10",100,0.25
AbstractFuelControl_M1,"□_[11.0, 50.0] ((((throttle < 8.8) && ◇_[0.0, 0.05] (40.0 < throttle)) || ((40.0 < throttle) && ◇_[0.0, 0.05] (throttle < 8.8))) ==> □_[1.0, 5.0] (abs(mu) < 0.008))",adaptive,-5211862851597497115,3.0,5.0,-6.032541767409041E-4,yes,"10 10 10 10 10",100,0.25
AbstractFuelControl_M1,"□_[11.0, 50.0] ((((throttle < 8.8) && ◇_[0.0, 0.05] (40.0 < throttle)) || ((40.0 < throttle) && ◇_[0.0, 0.05] (throttle < 8.8))) ==> □_[1.0, 5.0] (abs(mu) < 0.008))",adaptive,-7694902772944787934,4.0,7.0,-6.014460904006994E-4,yes,"10 10 10 10 10",100,0.25
AbstractFuelControl_M1,"□_[11.0, 50.0] ((((throttle < 8.8) && ◇_[0.0, 0.05] (40.0 < throttle)) || ((40.0 < throttle) && ◇_[0.0, 0.05] (throttle < 8.8))) ==> □_[1.0, 5.0] (abs(mu) < 0.008))",adaptive,-2206190851597667552,4.0,7.0,-5.997269429121113E-4,yes,"10 10 10 10 10",100,0.25
AbstractFuelControl_M1,"□_[11.0, 50.0] ((((throttle < 8.8) && ◇_[0.0, 0.05] (40.0 < throttle)) || ((40.0 < throttle) && ◇_[0.0, 0.05] (throttle < 8.8))) ==> □_[1.0, 5.0] (abs(mu) < 0.008))",adaptive,5557447855600963662,1.0,1.0,-6.02160519889823E-4,yes,"10 10 10 10 10",100,0.25
AbstractFuelControl_M1,"□_[11.0, 50.0] ((((throttle < 8.8) && ◇_[0.0, 0.05] (40.0 < throttle)) || ((40.0 < throttle) && ◇_[0.0, 0.05] (throttle < 8.8))) ==> □_[1.0, 5.0] (abs(mu) < 0.008))",adaptive,7999028158736045878,6.0,12.0,-6.042958686247671E-4,yes,"10 10 10 10 10",100,0.25
AbstractFuelControl_M1,"□_[11.0, 50.0] ((((throttle < 8.8) && ◇_[0.0, 0.05] (40.0 < throttle)) || ((40.0 < throttle) && ◇_[0.0, 0.05] (throttle < 8.8))) ==> □_[1.0, 5.0] (abs(mu) < 0.008))",adaptive,5568398697652812049,4.0,7.0,-6.049699976122883E-4,yes,"10 10 10 10 10",100,0.25
AbstractFuelControl_M1,"□_[11.0, 50.0] ((((throttle < 8.8) && ◇_[0.0, 0.05] (40.0 < throttle)) || ((40.0 < throttle) && ◇_[0.0, 0.05] (throttle < 8.8))) ==> □_[1.0, 5.0] (abs(mu) < 0.008))",adaptive,8395839181733656429,1.0,2.0,-6.017656861046008E-4,yes,"10 10 10 10 10",100,0.25
AbstractFuelControl_M1,"□_[11.0, 50.0] ((((throttle < 8.8) && ◇_[0.0, 0.05] (40.0 < throttle)) || ((40.0 < throttle) && ◇_[0.0, 0.05] (throttle < 8.8))) ==> □_[1.0, 5.0] (abs(mu) < 0.008))",adaptive,-455488202794233416,2.0,3.0,-5.944267821924656E-4,yes,"10 10 10 10 10",100,0.25
AbstractFuelControl_M1,"□_[11.0, 50.0] ((((throttle < 8.8) && ◇_[0.0, 0.05] (40.0 < throttle)) || ((40.0 < throttle) && ◇_[0.0, 0.05] (throttle < 8.8))) ==> □_[1.0, 5.0] (abs(mu) < 0.008))",adaptive,-5802362843591014032,15.0,28.0,-6.018530724634166E-4,yes,"10 10 10 10 10",100,0.25

