model,property,algorithm,min simulations,avg simulations,max simulations,stdev simulations,min time,avg time,max time,stdev time,min robustness,avg robustness,max robustness,stdev robustness,success,trials,control points,budget,exploration ratio,solver
automatic_transmission,"□_[0.0, 8.0] (RPM < 4750.0)","uniform random",1.0,34.470588235294116,90.0,28.202654234705516,0.0,4.411764705882353,12.0,4.272862382662993,-17.958757819134917,-12.65825157916601,-5.934233564843453,3.3742243963050638,17,50,4,100,,
automatic_transmission,"□_[0.0, 30.0] (RPM < 4800.0)","uniform random",0.0,0.0,0.0,0.0,0.0,0.0,0.0,0.0,0.0,0.0,0.0,0.0,0,50,4,100,,
automatic_transmission,"□_[0.0, 20.0] (speed < 120.0)","uniform random",0.0,0.0,0.0,0.0,0.0,0.0,0.0,0.0,0.0,0.0,0.0,0.0,0,50,4,100,,
automatic_transmission,"□_[0.0, 30.0] (speed < 135.0)","uniform random",0.0,0.0,0.0,0.0,0.0,0.0,0.0,0.0,0.0,0.0,0.0,0.0,0,50,4,100,,
automatic_transmission,"□_[0.0, 50.0] (speed < 150.0)","uniform random",0.0,0.0,0.0,0.0,0.0,0.0,0.0,0.0,0.0,0.0,0.0,0.0,0,50,4,100,,
automatic_transmission,"□_[0.0, 30.0] (((gear == 2.0) && ◇_[0.001, 0.1] (gear == 1.0)) ==> ◇_[0.001, 0.1] □_[0.0, 2.5] !(gear == 2.0))","uniform random",1.0,16.02,77.0,14.678166487288916,0.0,1.92,11.0,2.1460927952244484,-Infinity,-Infinity,-Infinity,NaN,50,50,4,100,,
automatic_transmission,"□_[0.0, 8.0] (RPM < 4750.0)",adaptive,1.0,8.36,24.0,6.461060758300372,0.0,0.64,3.0,0.7494215456345145,-22.704173390990036,-16.595444688195165,-10.398359341323157,5.244215127963779,50,50,"2 2 3 3 3 4",100,0.25,
automatic_transmission,"□_[0.0, 30.0] (RPM < 4800.0)",adaptive,0.0,0.0,0.0,0.0,0.0,0.0,0.0,0.0,0.0,0.0,0.0,0.0,0,50,"2 2 3 3 3 4",100,0.25,
automatic_transmission,"□_[0.0, 20.0] (speed < 120.0)",adaptive,3.0,33.04,98.0,24.16943591921543,0.0,4.02,13.0,3.3288473214907173,-0.21327149261522038,-0.21327149261522038,-0.21327149261522038,0.0,50,50,"2 2 3 3 3 4",100,0.25,
automatic_transmission,"□_[0.0, 30.0] (speed < 135.0)",adaptive,1.0,29.92,86.0,22.438887527446358,0.0,3.86,12.0,3.2135554726051034,-2.9801993614265143,-2.830169144647771,-0.009358163228739613,0.6220342913745547,50,50,"2 2 3 3 3 4",100,0.25,
automatic_transmission,"□_[0.0, 50.0] (speed < 150.0)",adaptive,1.0,19.98,57.0,14.106721512695099,0.0,2.82,9.0,2.4133134136810868,-4.694203210143002,-3.711913630793146,-1.4319136880269525,1.4652427458951764,50,50,"2 2 3 3 3 4",100,0.25,
automatic_transmission,"□_[0.0, 30.0] (((gear == 2.0) && ◇_[0.001, 0.1] (gear == 1.0)) ==> ◇_[0.001, 0.1] □_[0.0, 2.5] !(gear == 2.0))",adaptive,1.0,27.424242424242426,81.0,21.42141204354638,0.0,3.727272727272727,12.0,3.2429994533680473,-Infinity,-Infinity,-Infinity,NaN,33,50,"2 2 3 3 3 4",100,0.25,
automatic_transmission,"□_[0.0, 8.0] (RPM < 4750.0)",Breach,32.0,62.111111111111114,82.0,15.43084933213694,28.0,56.22222222222222,73.0,14.39425039536427,-24.358532628699322,-17.333121536052104,-10.790062280610073,4.409348851959363,9,50,4,100,,cmaes
automatic_transmission,"□_[0.0, 30.0] (RPM < 4800.0)",Breach,0.0,0.0,0.0,0.0,0.0,0.0,0.0,0.0,0.0,0.0,0.0,0.0,0,50,4,100,,cmaes
automatic_transmission,"□_[0.0, 20.0] (speed < 120.0)",Breach,0.0,0.0,0.0,0.0,0.0,0.0,0.0,0.0,0.0,0.0,0.0,0.0,0,50,4,100,,cmaes
automatic_transmission,"□_[0.0, 30.0] (speed < 135.0)",Breach,54.0,58.074074074074076,96.0,11.006731946774583,51.0,55.03703703703704,91.0,10.621029507833395,-1.4899252438870576,-0.45943899936769284,-0.050576844515916264,0.2659692563341907,27,50,4,100,,cmaes
automatic_transmission,"□_[0.0, 50.0] (speed < 150.0)",Breach,47.0,68.5,85.0,13.40575569351783,45.0,66.375,83.0,13.276590569225863,-3.408499796621726,-0.989435303093309,-0.12573699099633018,1.1416080768777734,8,50,4,100,,cmaes
automatic_transmission,"□_[0.0, 30.0] (((gear == 2.0) && ◇_[0.001, 0.1] (gear == 1.0)) ==> ◇_[0.001, 0.1] □_[0.0, 2.5] !(gear == 2.0))",Breach,8.0,8.0,8.0,NaN,7.0,7.0,7.0,NaN,-1.0,-1.0,-1.0,NaN,1,50,4,100,,cmaes

model,property,algorithm,min simulations,avg simulations,max simulations,stdev simulations,min time,avg time,max time,stdev time,min robustness,avg robustness,max robustness,stdev robustness,success,trials,control points,budget,exploration ratio,solver
automatic_transmission,"□_[0.0, 8.0] (RPM < 4750.0)","uniform random",1.0,34.470588235294116,90.0,28.202654234705516,0.0,4.705882352941177,12.0,4.398361994571856,-17.958757819134917,-12.65825157916601,-5.934233564843453,3.3742243963050638,17,50,4,100,,
automatic_transmission,"□_[0.0, 50.0] (RPM < 4800.0)","uniform random",0.0,0.0,0.0,0.0,0.0,0.0,0.0,0.0,0.0,0.0,0.0,0.0,0,50,4,100,,
automatic_transmission,"□_[0.0, 20.0] (speed < 120.0)","uniform random",0.0,0.0,0.0,0.0,0.0,0.0,0.0,0.0,0.0,0.0,0.0,0.0,0,50,4,100,,
automatic_transmission,"□_[0.0, 30.0] (speed < 135.0)","uniform random",0.0,0.0,0.0,0.0,0.0,0.0,0.0,0.0,0.0,0.0,0.0,0.0,0,50,4,100,,
automatic_transmission,"□_[0.0, 50.0] (speed < 150.0)","uniform random",0.0,0.0,0.0,0.0,0.0,0.0,0.0,0.0,0.0,0.0,0.0,0.0,0,50,4,100,,
automatic_transmission,"□_[0.0, 30.0] (((gear == 2.0) && ◇_[0.001, 0.1] (gear == 1.0)) ==> ◇_[0.001, 0.1] □_[0.0, 2.5] !(gear == 2.0))","uniform random",1.0,16.02,77.0,14.678166487288916,0.0,1.96,11.0,2.2219682394541236,-Infinity,-Infinity,-Infinity,NaN,50,50,4,100,,
automatic_transmission,"□_[0.0, 30.0] ((!(gear == 1.0) && ◇_[0.001, 0.1] (gear == 1.0)) ==> ◇_[0.001, 0.1] □_[0.0, 2.5] (gear == 1.0))","uniform random",1.0,16.02,77.0,14.678166487288916,0.0,1.96,11.0,2.2219682394541236,-Infinity,-Infinity,-Infinity,NaN,50,50,4,100,,
automatic_transmission,"□_[0.0, 30.0] ((!(gear == 2.0) && ◇_[0.001, 0.1] (gear == 2.0)) ==> ◇_[0.001, 0.1] □_[0.0, 2.5] (gear == 2.0))","uniform random",1.0,36.35,98.0,23.60307454983626,0.0,5.225,15.0,3.675891658792392,-Infinity,-Infinity,-Infinity,NaN,40,50,4,100,,
automatic_transmission,"□_[0.0, 30.0] ((!(gear == 3.0) && ◇_[0.001, 0.1] (gear == 3.0)) ==> ◇_[0.001, 0.1] □_[0.0, 2.5] (gear == 3.0))","uniform random",1.0,3.7,15.0,3.2466623363895746,0.0,0.18,2.0,0.4375255094603874,-Infinity,-Infinity,-Infinity,NaN,50,50,4,100,,
automatic_transmission,"□_[0.0, 30.0] ((!(gear == 4.0) && ◇_[0.001, 0.1] (gear == 4.0)) ==> ◇_[0.001, 0.1] □_[0.0, 2.5] (gear == 4.0))","uniform random",1.0,36.925,88.0,26.26822932355494,0.0,5.325,13.0,4.091188154169949,-Infinity,-Infinity,-Infinity,NaN,40,50,4,100,,
automatic_transmission,"□_[0.0, 8.0] (RPM < 4750.0)",adaptive,1.0,8.36,24.0,6.461060758300372,0.0,0.7,3.0,0.8390957231764807,-22.704173390990036,-16.595444688195165,-10.398359341323157,5.244215127963779,50,50,"2 2 3 3 3 4",100,0.25,
automatic_transmission,"□_[0.0, 50.0] (RPM < 4800.0)",adaptive,2.0,28.8,97.0,20.673358583017926,0.0,4.08,15.0,3.373607044366003,-56.74810218768471,-54.32152224157144,-19.73518751868596,8.43878754633268,50,50,"2 2 3 3 3 4",100,0.25,
automatic_transmission,"□_[0.0, 20.0] (speed < 120.0)",adaptive,3.0,33.04,98.0,24.16943591921543,0.0,4.38,14.0,3.6527317147022775,-0.21327149261522038,-0.21327149261522038,-0.21327149261522038,0.0,50,50,"2 2 3 3 3 4",100,0.25,
automatic_transmission,"□_[0.0, 30.0] (speed < 135.0)",adaptive,1.0,29.92,86.0,22.438887527446358,0.0,4.24,13.0,3.5545888708564206,-2.9801993614265143,-2.830169144647771,-0.009358163228739613,0.6220342913745547,50,50,"2 2 3 3 3 4",100,0.25,
automatic_transmission,"□_[0.0, 50.0] (speed < 150.0)",adaptive,1.0,19.98,57.0,14.106721512695099,0.0,2.9,9.0,2.3233508524700848,-4.694203210143002,-3.711913630793146,-1.4319136880269525,1.4652427458951764,50,50,"2 2 3 3 3 4",100,0.25,
automatic_transmission,"□_[0.0, 30.0] (((gear == 2.0) && ◇_[0.001, 0.1] (gear == 1.0)) ==> ◇_[0.001, 0.1] □_[0.0, 2.5] !(gear == 2.0))",adaptive,1.0,27.424242424242426,81.0,21.42141204354638,0.0,3.878787878787879,12.0,3.379696507801919,-Infinity,-Infinity,-Infinity,NaN,33,50,"2 2 3 3 3 4",100,0.25,
automatic_transmission,"□_[0.0, 30.0] ((!(gear == 1.0) && ◇_[0.001, 0.1] (gear == 1.0)) ==> ◇_[0.001, 0.1] □_[0.0, 2.5] (gear == 1.0))",adaptive,1.0,27.424242424242426,81.0,21.42141204354638,0.0,3.696969696969697,12.0,3.2353984345522315,-Infinity,-Infinity,-Infinity,NaN,33,50,"2 2 3 3 3 4",100,0.25,
automatic_transmission,"□_[0.0, 30.0] ((!(gear == 2.0) && ◇_[0.001, 0.1] (gear == 2.0)) ==> ◇_[0.001, 0.1] □_[0.0, 2.5] (gear == 2.0))",adaptive,3.0,39.111111111111114,95.0,31.40638647012915,0.0,5.444444444444445,15.0,5.150512380120815,-Infinity,-Infinity,-Infinity,NaN,9,50,"2 2 3 3 3 4",100,0.25,
automatic_transmission,"□_[0.0, 30.0] ((!(gear == 3.0) && ◇_[0.001, 0.1] (gear == 3.0)) ==> ◇_[0.001, 0.1] □_[0.0, 2.5] (gear == 3.0))",adaptive,2.0,31.6,100.0,27.853820099182933,0.0,4.3428571428571425,15.0,4.2560880764248425,-Infinity,-Infinity,-Infinity,NaN,35,50,"2 2 3 3 3 4",100,0.25,
automatic_transmission,"□_[0.0, 30.0] ((!(gear == 4.0) && ◇_[0.001, 0.1] (gear == 4.0)) ==> ◇_[0.001, 0.1] □_[0.0, 2.5] (gear == 4.0))",adaptive,1.0,44.166666666666664,97.0,28.90328701030386,0.0,6.527777777777778,15.0,4.563746024679482,-Infinity,-Infinity,-Infinity,NaN,36,50,"2 2 3 3 3 4",100,0.25,
automatic_transmission,"□_[0.0, 8.0] (RPM < 4750.0)",Breach,32.0,62.111111111111114,82.0,15.43084933213694,31.0,59.666666666666664,79.0,14.99166435056495,-24.358532628699322,-17.333121536052104,-10.790062280610073,4.409348851959363,9,50,4,100,,cmaes
automatic_transmission,"□_[0.0, 50.0] (RPM < 4800.0)",Breach,0.0,0.0,0.0,0.0,0.0,0.0,0.0,0.0,0.0,0.0,0.0,0.0,0,50,4,100,,cmaes
automatic_transmission,"□_[0.0, 20.0] (speed < 120.0)",Breach,0.0,0.0,0.0,0.0,0.0,0.0,0.0,0.0,0.0,0.0,0.0,0.0,0,50,4,100,,cmaes
automatic_transmission,"□_[0.0, 30.0] (speed < 135.0)",Breach,54.0,58.074074074074076,96.0,11.006731946774583,53.0,57.148148148148145,95.0,10.893553858567715,-1.4899252438870576,-0.45943899936769284,-0.050576844515916264,0.2659692563341907,27,50,4,100,,cmaes
automatic_transmission,"□_[0.0, 50.0] (speed < 150.0)",Breach,47.0,68.5,85.0,13.40575569351783,47.0,68.625,85.0,13.479481761975443,-3.408499796621726,-0.989435303093309,-0.12573699099633018,1.1416080768777734,8,50,4,100,,cmaes
automatic_transmission,"□_[0.0, 30.0] (((gear == 2.0) && ◇_[0.001, 0.1] (gear == 1.0)) ==> ◇_[0.001, 0.1] □_[0.0, 2.5] !(gear == 2.0))",Breach,8.0,8.0,8.0,NaN,8.0,8.0,8.0,NaN,-1.0,-1.0,-1.0,NaN,1,50,4,100,,cmaes
automatic_transmission,"□_[0.0, 30.0] ((!(gear == 1.0) && ◇_[0.001, 0.1] (gear == 1.0)) ==> ◇_[0.001, 0.1] □_[0.0, 2.5] (gear == 1.0))",Breach,8.0,8.0,8.0,NaN,8.0,8.0,8.0,NaN,-1.0,-1.0,-1.0,NaN,1,50,4,100,,cmaes
automatic_transmission,"□_[0.0, 30.0] ((!(gear == 2.0) && ◇_[0.001, 0.1] (gear == 2.0)) ==> ◇_[0.001, 0.1] □_[0.0, 2.5] (gear == 2.0))",Breach,11.0,11.0,11.0,NaN,11.0,11.0,11.0,NaN,-1.0,-1.0,-1.0,NaN,1,50,4,100,,cmaes
automatic_transmission,"□_[0.0, 30.0] ((!(gear == 3.0) && ◇_[0.001, 0.1] (gear == 3.0)) ==> ◇_[0.001, 0.1] □_[0.0, 2.5] (gear == 3.0))",Breach,6.0,7.25,10.0,1.8929694486000912,6.0,7.25,10.0,1.8929694486000912,-1.0,-1.0,-1.0,0.0,4,50,4,100,,cmaes
automatic_transmission,"□_[0.0, 30.0] ((!(gear == 4.0) && ◇_[0.001, 0.1] (gear == 4.0)) ==> ◇_[0.001, 0.1] □_[0.0, 2.5] (gear == 4.0))",Breach,0.0,0.0,0.0,0.0,0.0,0.0,0.0,0.0,0.0,0.0,0.0,0.0,0,50,4,100,,cmaes

model,property,algorithm,min simulations,avg simulations,max simulations,stdev simulations,min time,avg time,max time,stdev time,min robustness,avg robustness,max robustness,stdev robustness,success,trials,control points,budget,exploration ratio,solver
automatic_transmission,"□_[0.0, 5.0] (speed < 60.0)","uniform random",0.0,0.0,0.0,0.0,0.0,0.0,0.0,0.0,0.0,0.0,0.0,0.0,0,5,4,100,,
automatic_transmission,"□_[0.0, 10.0] (speed < 90.0)","uniform random",0.0,0.0,0.0,0.0,0.0,0.0,0.0,0.0,0.0,0.0,0.0,0.0,0,5,4,100,,
automatic_transmission,"□_[0.0, 20.0] (speed < 120.0)","uniform random",0.0,0.0,0.0,0.0,0.0,0.0,0.0,0.0,0.0,0.0,0.0,0.0,0,5,4,100,,
automatic_transmission,"□_[0.0, 30.0] (speed < 135.0)","uniform random",0.0,0.0,0.0,0.0,0.0,0.0,0.0,0.0,0.0,0.0,0.0,0.0,0,5,4,100,,
automatic_transmission,"□_[0.0, 50.0] (speed < 150.0)","uniform random",0.0,0.0,0.0,0.0,0.0,0.0,0.0,0.0,0.0,0.0,0.0,0.0,0,5,4,100,,
automatic_transmission,"□_[0.0, 5.0] (RPM < 4750.0)","uniform random",0.0,0.0,0.0,0.0,0.0,0.0,0.0,0.0,0.0,0.0,0.0,0.0,0,5,4,100,,
automatic_transmission,"□_[0.0, 10.0] (RPM < 4800.0)","uniform random",0.0,0.0,0.0,0.0,0.0,0.0,0.0,0.0,0.0,0.0,0.0,0.0,0,5,4,100,,
automatic_transmission,"□_[0.0, 20.0] (RPM < 4800.0)","uniform random",0.0,0.0,0.0,0.0,0.0,0.0,0.0,0.0,0.0,0.0,0.0,0.0,0,5,4,100,,
automatic_transmission,"□_[0.0, 30.0] (RPM < 4800.0)","uniform random",0.0,0.0,0.0,0.0,0.0,0.0,0.0,0.0,0.0,0.0,0.0,0.0,0,5,4,100,,
automatic_transmission,"□_[0.0, 50.0] (RPM < 4800.0)","uniform random",0.0,0.0,0.0,0.0,0.0,0.0,0.0,0.0,0.0,0.0,0.0,0.0,0,5,4,100,,
automatic_transmission,"□_[0.0, 30.0] (((gear == 2.0) && ◇_[0.001, 0.1] (gear == 1.0)) ==> ◇_[0.001, 0.1] □_[0.0, 2.5] !(gear == 2.0))","uniform random",9.0,17.0,28.0,8.455767262643882,1.0,2.8,5.0,1.6431676725154984,-Infinity,-Infinity,-Infinity,NaN,5,5,4,100,,
automatic_transmission,"□_[0.0, 30.0] ((!(gear == 1.0) && ◇_[0.001, 0.1] (gear == 1.0)) ==> ◇_[0.001, 0.1] □_[0.0, 2.5] (gear == 1.0))","uniform random",9.0,17.0,28.0,8.455767262643882,1.0,2.8,5.0,1.6431676725154984,-Infinity,-Infinity,-Infinity,NaN,5,5,4,100,,
automatic_transmission,"□_[0.0, 30.0] ((!(gear == 2.0) && ◇_[0.001, 0.1] (gear == 2.0)) ==> ◇_[0.001, 0.1] □_[0.0, 2.5] (gear == 2.0))","uniform random",32.0,44.75,61.0,12.120918557051139,6.0,8.25,12.0,2.6299556396765835,-Infinity,-Infinity,-Infinity,NaN,4,5,4,100,,
automatic_transmission,"□_[0.0, 30.0] ((!(gear == 3.0) && ◇_[0.001, 0.1] (gear == 3.0)) ==> ◇_[0.001, 0.1] □_[0.0, 2.5] (gear == 3.0))","uniform random",1.0,4.8,13.0,4.919349550499537,0.0,0.4,2.0,0.8944271909999161,-Infinity,-Infinity,-Infinity,NaN,5,5,4,100,,
automatic_transmission,"□_[0.0, 30.0] ((!(gear == 4.0) && ◇_[0.001, 0.1] (gear == 4.0)) ==> ◇_[0.001, 0.1] □_[0.0, 2.5] (gear == 4.0))","uniform random",20.0,38.4,57.0,17.415510328439993,3.0,6.4,10.0,3.286335345030997,-Infinity,-Infinity,-Infinity,NaN,5,5,4,100,,
automatic_transmission,"((□_[0.0, 30.0] ((!(gear == 2.0) && ◇_[0.001, 0.1] (gear == 2.0)) ==> ◇_[0.001, 0.1] □_[0.0, 2.5] (gear == 2.0)) && □_[0.0, 30.0] ((!(gear == 3.0) && ◇_[0.001, 0.1] (gear == 3.0)) ==> ◇_[0.001, 0.1] □_[0.0, 2.5] (gear == 3.0))) && □_[0.0, 30.0] ((!(gear == 4.0) && ◇_[0.001, 0.1] (gear == 4.0)) ==> ◇_[0.001, 0.1] □_[0.0, 2.5] (gear == 4.0)))","uniform random",1.0,4.8,12.0,4.324349662087931,0.0,0.4,2.0,0.894427190999916,-Infinity,-Infinity,-Infinity,NaN,5,5,4,100,,
automatic_transmission,"(□_[0.0, 30.0] (RPM < 4500.0) ==> □_[0.0, 4.0] (speed < 55.0))","uniform random",0.0,0.0,0.0,0.0,0.0,0.0,0.0,0.0,0.0,0.0,0.0,0.0,0,5,4,100,,
automatic_transmission,"(□_[0.0, 30.0] (RPM < 4500.0) ==> □_[0.0, 8.0] (speed < 80.0))","uniform random",0.0,0.0,0.0,0.0,0.0,0.0,0.0,0.0,0.0,0.0,0.0,0.0,0,5,4,100,,
automatic_transmission,"(□_[0.0, 30.0] (RPM < 4500.0) ==> □_[0.0, 20.0] (speed < 110.0))","uniform random",0.0,0.0,0.0,0.0,0.0,0.0,0.0,0.0,0.0,0.0,0.0,0.0,0,5,4,100,,
automatic_transmission,"(□_[0.0, 30.0] (RPM < 3000.0) ==> □_[0.0, 4.0] (speed < 40.0))","uniform random",0.0,0.0,0.0,0.0,0.0,0.0,0.0,0.0,0.0,0.0,0.0,0.0,0,5,4,100,,
automatic_transmission,"(□_[0.0, 30.0] (RPM < 3000.0) ==> □_[0.0, 8.0] (speed < 55.0))","uniform random",0.0,0.0,0.0,0.0,0.0,0.0,0.0,0.0,0.0,0.0,0.0,0.0,0,5,4,100,,
automatic_transmission,"(□_[0.0, 30.0] (RPM < 3000.0) ==> □_[0.0, 20.0] (speed < 70.0))","uniform random",0.0,0.0,0.0,0.0,0.0,0.0,0.0,0.0,0.0,0.0,0.0,0.0,0,5,4,100,,
automatic_transmission,"(□_[0.0, 30.0] (RPM < 2500.0) ==> □_[0.0, 4.0] (speed < 35.0))","uniform random",0.0,0.0,0.0,0.0,0.0,0.0,0.0,0.0,0.0,0.0,0.0,0.0,0,5,4,100,,
automatic_transmission,"(□_[0.0, 30.0] (RPM < 2500.0) ==> □_[0.0, 8.0] (speed < 45.0))","uniform random",0.0,0.0,0.0,0.0,0.0,0.0,0.0,0.0,0.0,0.0,0.0,0.0,0,5,4,100,,
automatic_transmission,"(□_[0.0, 30.0] (RPM < 2500.0) ==> □_[0.0, 20.0] (speed < 70.0))","uniform random",0.0,0.0,0.0,0.0,0.0,0.0,0.0,0.0,0.0,0.0,0.0,0.0,0,5,4,100,,
automatic_transmission,"□_[0.0, 5.0] (speed < 60.0)",adaptive,7.0,17.4,29.0,9.710818709048171,1.0,2.4,4.0,1.5165750888103102,-1.2881595705469806,-0.45461288791139937,-0.19180319202905594,0.46957175448338173,5,5,"2 2 3 3 3 4",100,0.25,
automatic_transmission,"□_[0.0, 10.0] (speed < 90.0)",adaptive,4.0,14.4,29.0,9.235799911215054,0.0,1.6,4.0,1.51657508881031,-0.4906504196694925,-0.4906504196694925,-0.4906504196694925,0.0,5,5,"2 2 3 3 3 4",100,0.25,
automatic_transmission,"□_[0.0, 20.0] (speed < 120.0)",adaptive,4.0,14.4,29.0,9.235799911215054,0.0,1.6,4.0,1.51657508881031,-0.21327149261522038,-0.21327149261522038,-0.21327149261522038,0.0,5,5,"2 2 3 3 3 4",100,0.25,
automatic_transmission,"□_[0.0, 30.0] (speed < 135.0)",adaptive,4.0,14.4,29.0,9.235799911215054,0.0,1.6,4.0,1.51657508881031,-2.9801993614265143,-2.9801993614265143,-2.9801993614265143,0.0,5,5,"2 2 3 3 3 4",100,0.25,
automatic_transmission,"□_[0.0, 50.0] (speed < 150.0)",adaptive,4.0,14.8,29.0,10.183319694480772,0.0,2.2,5.0,1.9235384061671346,-4.694203210143002,-3.820795520770491,-1.4319136880269525,1.4185201931556681,5,5,"2 2 3 3 3 4",100,0.25,
automatic_transmission,"□_[0.0, 5.0] (RPM < 4750.0)",adaptive,0.0,0.0,0.0,0.0,0.0,0.0,0.0,0.0,0.0,0.0,0.0,0.0,0,5,"2 2 3 3 3 4",100,0.25,
automatic_transmission,"□_[0.0, 10.0] (RPM < 4800.0)",adaptive,0.0,0.0,0.0,0.0,0.0,0.0,0.0,0.0,0.0,0.0,0.0,0.0,0,5,"2 2 3 3 3 4",100,0.25,
automatic_transmission,"□_[0.0, 20.0] (RPM < 4800.0)",adaptive,0.0,0.0,0.0,0.0,0.0,0.0,0.0,0.0,0.0,0.0,0.0,0.0,0,5,"2 2 3 3 3 4",100,0.25,
automatic_transmission,"□_[0.0, 30.0] (RPM < 4800.0)",adaptive,0.0,0.0,0.0,0.0,0.0,0.0,0.0,0.0,0.0,0.0,0.0,0.0,0,5,"2 2 3 3 3 4",100,0.25,
automatic_transmission,"□_[0.0, 50.0] (RPM < 4800.0)",adaptive,4.0,14.4,29.0,9.235799911215054,0.0,1.8,5.0,1.9235384061671346,-56.74810218768471,-56.74810218768471,-56.74810218768471,0.0,5,5,"2 2 3 3 3 4",100,0.25,
automatic_transmission,"□_[0.0, 30.0] (((gear == 2.0) && ◇_[0.001, 0.1] (gear == 1.0)) ==> ◇_[0.001, 0.1] □_[0.0, 2.5] !(gear == 2.0))",adaptive,7.0,23.0,64.0,24.072806234421446,1.0,3.0,9.0,3.4641016151377544,-Infinity,-Infinity,-Infinity,NaN,5,5,"2 2 3 3 3 4",100,0.25,
automatic_transmission,"□_[0.0, 30.0] ((!(gear == 1.0) && ◇_[0.001, 0.1] (gear == 1.0)) ==> ◇_[0.001, 0.1] □_[0.0, 2.5] (gear == 1.0))",adaptive,7.0,23.0,64.0,24.072806234421446,1.0,3.0,9.0,3.4641016151377544,-Infinity,-Infinity,-Infinity,NaN,5,5,"2 2 3 3 3 4",100,0.25,
automatic_transmission,"□_[0.0, 30.0] ((!(gear == 2.0) && ◇_[0.001, 0.1] (gear == 2.0)) ==> ◇_[0.001, 0.1] □_[0.0, 2.5] (gear == 2.0))",adaptive,31.0,38.5,46.0,10.606601717798213,4.0,5.0,6.0,1.4142135623730951,-Infinity,-Infinity,-Infinity,NaN,2,5,"2 2 3 3 3 4",100,0.25,
automatic_transmission,"□_[0.0, 30.0] ((!(gear == 3.0) && ◇_[0.001, 0.1] (gear == 3.0)) ==> ◇_[0.001, 0.1] □_[0.0, 2.5] (gear == 3.0))",adaptive,50.0,71.0,100.0,25.942243542145693,7.0,10.0,14.0,3.605551275463989,-Infinity,-Infinity,-Infinity,NaN,3,5,"2 2 3 3 3 4",100,0.25,
automatic_transmission,"□_[0.0, 30.0] ((!(gear == 4.0) && ◇_[0.001, 0.1] (gear == 4.0)) ==> ◇_[0.001, 0.1] □_[0.0, 2.5] (gear == 4.0))",adaptive,53.0,54.5,56.0,2.1213203435596424,7.0,7.5,8.0,0.7071067811865476,-Infinity,-Infinity,-Infinity,NaN,2,5,"2 2 3 3 3 4",100,0.25,
automatic_transmission,"((□_[0.0, 30.0] ((!(gear == 2.0) && ◇_[0.001, 0.1] (gear == 2.0)) ==> ◇_[0.001, 0.1] □_[0.0, 2.5] (gear == 2.0)) && □_[0.0, 30.0] ((!(gear == 3.0) && ◇_[0.001, 0.1] (gear == 3.0)) ==> ◇_[0.001, 0.1] □_[0.0, 2.5] (gear == 3.0))) && □_[0.0, 30.0] ((!(gear == 4.0) && ◇_[0.001, 0.1] (gear == 4.0)) ==> ◇_[0.001, 0.1] □_[0.0, 2.5] (gear == 4.0)))",adaptive,15.0,39.8,74.0,23.847431727546677,2.0,5.2,10.0,3.2710854467592254,-Infinity,-Infinity,-Infinity,NaN,5,5,"2 2 3 3 3 4",100,0.25,
automatic_transmission,"(□_[0.0, 30.0] (RPM < 4500.0) ==> □_[0.0, 4.0] (speed < 55.0))",adaptive,0.0,0.0,0.0,0.0,0.0,0.0,0.0,0.0,0.0,0.0,0.0,0.0,0,5,"2 2 3 3 3 4",100,0.25,
automatic_transmission,"(□_[0.0, 30.0] (RPM < 4500.0) ==> □_[0.0, 8.0] (speed < 80.0))",adaptive,0.0,0.0,0.0,0.0,0.0,0.0,0.0,0.0,0.0,0.0,0.0,0.0,0,5,"2 2 3 3 3 4",100,0.25,
automatic_transmission,"(□_[0.0, 30.0] (RPM < 4500.0) ==> □_[0.0, 20.0] (speed < 110.0))",adaptive,0.0,0.0,0.0,0.0,0.0,0.0,0.0,0.0,0.0,0.0,0.0,0.0,0,5,"2 2 3 3 3 4",100,0.25,
automatic_transmission,"(□_[0.0, 30.0] (RPM < 3000.0) ==> □_[0.0, 4.0] (speed < 40.0))",adaptive,0.0,0.0,0.0,0.0,0.0,0.0,0.0,0.0,0.0,0.0,0.0,0.0,0,5,"2 2 3 3 3 4",100,0.25,
automatic_transmission,"(□_[0.0, 30.0] (RPM < 3000.0) ==> □_[0.0, 8.0] (speed < 55.0))",adaptive,0.0,0.0,0.0,0.0,0.0,0.0,0.0,0.0,0.0,0.0,0.0,0.0,0,5,"2 2 3 3 3 4",100,0.25,
automatic_transmission,"(□_[0.0, 30.0] (RPM < 3000.0) ==> □_[0.0, 20.0] (speed < 70.0))",adaptive,0.0,0.0,0.0,0.0,0.0,0.0,0.0,0.0,0.0,0.0,0.0,0.0,0,5,"2 2 3 3 3 4",100,0.25,
automatic_transmission,"(□_[0.0, 30.0] (RPM < 2500.0) ==> □_[0.0, 4.0] (speed < 35.0))",adaptive,0.0,0.0,0.0,0.0,0.0,0.0,0.0,0.0,0.0,0.0,0.0,0.0,0,5,"2 2 3 3 3 4",100,0.25,
automatic_transmission,"(□_[0.0, 30.0] (RPM < 2500.0) ==> □_[0.0, 8.0] (speed < 45.0))",adaptive,0.0,0.0,0.0,0.0,0.0,0.0,0.0,0.0,0.0,0.0,0.0,0.0,0,5,"2 2 3 3 3 4",100,0.25,
automatic_transmission,"(□_[0.0, 30.0] (RPM < 2500.0) ==> □_[0.0, 20.0] (speed < 70.0))",adaptive,0.0,0.0,0.0,0.0,0.0,0.0,0.0,0.0,0.0,0.0,0.0,0.0,0,5,"2 2 3 3 3 4",100,0.25,
automatic_transmission,"□_[0.0, 5.0] (speed < 60.0)",Breach,75.0,87.25,96.0,8.80814017448254,66.0,76.25,85.0,7.804912982645397,-0.5247766006803687,-0.34539988423358103,-0.026348335582156324,0.2364474170689346,4,5,4,100,,cmaes
automatic_transmission,"□_[0.0, 10.0] (speed < 90.0)",Breach,0.0,0.0,0.0,0.0,0.0,0.0,0.0,0.0,0.0,0.0,0.0,0.0,0,5,4,100,,cmaes
automatic_transmission,"□_[0.0, 20.0] (speed < 120.0)",Breach,0.0,0.0,0.0,0.0,0.0,0.0,0.0,0.0,0.0,0.0,0.0,0.0,0,5,4,100,,cmaes
automatic_transmission,"□_[0.0, 30.0] (speed < 135.0)",Breach,54.0,54.0,54.0,0.0,48.0,48.5,49.0,0.7071067811865476,-0.40272862684767574,-0.40272862684767574,-0.40272862684767574,0.0,2,5,4,100,,cmaes
automatic_transmission,"□_[0.0, 50.0] (speed < 150.0)",Breach,47.0,64.0,81.0,24.041630560342615,44.0,59.0,74.0,21.213203435596427,-0.44708580041034907,-0.2864113957033396,-0.12573699099633018,0.22722792226287622,2,5,4,100,,cmaes
automatic_transmission,"□_[0.0, 5.0] (RPM < 4750.0)",Breach,0.0,0.0,0.0,0.0,0.0,0.0,0.0,0.0,0.0,0.0,0.0,0.0,0,5,4,100,,cmaes
automatic_transmission,"□_[0.0, 10.0] (RPM < 4800.0)",Breach,0.0,0.0,0.0,0.0,0.0,0.0,0.0,0.0,0.0,0.0,0.0,0.0,0,5,4,100,,cmaes
automatic_transmission,"□_[0.0, 20.0] (RPM < 4800.0)",Breach,0.0,0.0,0.0,0.0,0.0,0.0,0.0,0.0,0.0,0.0,0.0,0.0,0,5,4,100,,cmaes
automatic_transmission,"□_[0.0, 30.0] (RPM < 4800.0)",Breach,0.0,0.0,0.0,0.0,0.0,0.0,0.0,0.0,0.0,0.0,0.0,0.0,0,5,4,100,,cmaes
automatic_transmission,"□_[0.0, 50.0] (RPM < 4800.0)",Breach,0.0,0.0,0.0,0.0,0.0,0.0,0.0,0.0,0.0,0.0,0.0,0.0,0,5,4,100,,cmaes
automatic_transmission,"□_[0.0, 30.0] (((gear == 2.0) && ◇_[0.001, 0.1] (gear == 1.0)) ==> ◇_[0.001, 0.1] □_[0.0, 2.5] !(gear == 2.0))",Breach,0.0,0.0,0.0,0.0,0.0,0.0,0.0,0.0,0.0,0.0,0.0,0.0,0,5,4,100,,cmaes
automatic_transmission,"□_[0.0, 30.0] ((!(gear == 1.0) && ◇_[0.001, 0.1] (gear == 1.0)) ==> ◇_[0.001, 0.1] □_[0.0, 2.5] (gear == 1.0))",Breach,0.0,0.0,0.0,0.0,0.0,0.0,0.0,0.0,0.0,0.0,0.0,0.0,0,5,4,100,,cmaes
automatic_transmission,"□_[0.0, 30.0] ((!(gear == 2.0) && ◇_[0.001, 0.1] (gear == 2.0)) ==> ◇_[0.001, 0.1] □_[0.0, 2.5] (gear == 2.0))",Breach,0.0,0.0,0.0,0.0,0.0,0.0,0.0,0.0,0.0,0.0,0.0,0.0,0,5,4,100,,cmaes
automatic_transmission,"□_[0.0, 30.0] ((!(gear == 3.0) && ◇_[0.001, 0.1] (gear == 3.0)) ==> ◇_[0.001, 0.1] □_[0.0, 2.5] (gear == 3.0))",Breach,6.0,6.0,6.0,NaN,5.0,5.0,5.0,NaN,-1.0,-1.0,-1.0,NaN,1,5,4,100,,cmaes
automatic_transmission,"□_[0.0, 30.0] ((!(gear == 4.0) && ◇_[0.001, 0.1] (gear == 4.0)) ==> ◇_[0.001, 0.1] □_[0.0, 2.5] (gear == 4.0))",Breach,0.0,0.0,0.0,0.0,0.0,0.0,0.0,0.0,0.0,0.0,0.0,0.0,0,5,4,100,,cmaes
automatic_transmission,"((□_[0.0, 30.0] ((!(gear == 2.0) && ◇_[0.001, 0.1] (gear == 2.0)) ==> ◇_[0.001, 0.1] □_[0.0, 2.5] (gear == 2.0)) && □_[0.0, 30.0] ((!(gear == 3.0) && ◇_[0.001, 0.1] (gear == 3.0)) ==> ◇_[0.001, 0.1] □_[0.0, 2.5] (gear == 3.0))) && □_[0.0, 30.0] ((!(gear == 4.0) && ◇_[0.001, 0.1] (gear == 4.0)) ==> ◇_[0.001, 0.1] □_[0.0, 2.5] (gear == 4.0)))",Breach,6.0,6.0,6.0,NaN,5.0,5.0,5.0,NaN,-1.0,-1.0,-1.0,NaN,1,5,4,100,,cmaes
automatic_transmission,"(□_[0.0, 30.0] (RPM < 4500.0) ==> □_[0.0, 4.0] (speed < 55.0))",Breach,0.0,0.0,0.0,0.0,0.0,0.0,0.0,0.0,0.0,0.0,0.0,0.0,0,5,4,100,,cmaes
automatic_transmission,"(□_[0.0, 30.0] (RPM < 4500.0) ==> □_[0.0, 8.0] (speed < 80.0))",Breach,0.0,0.0,0.0,0.0,0.0,0.0,0.0,0.0,0.0,0.0,0.0,0.0,0,5,4,100,,cmaes
automatic_transmission,"(□_[0.0, 30.0] (RPM < 4500.0) ==> □_[0.0, 20.0] (speed < 110.0))",Breach,0.0,0.0,0.0,0.0,0.0,0.0,0.0,0.0,0.0,0.0,0.0,0.0,0,5,4,100,,cmaes
automatic_transmission,"(□_[0.0, 30.0] (RPM < 3000.0) ==> □_[0.0, 4.0] (speed < 40.0))",Breach,82.0,82.0,82.0,NaN,77.0,77.0,77.0,NaN,-0.19513506322645924,-0.19513506322645924,-0.19513506322645924,NaN,1,5,4,100,,cmaes
automatic_transmission,"(□_[0.0, 30.0] (RPM < 3000.0) ==> □_[0.0, 8.0] (speed < 55.0))",Breach,8.0,26.4,60.0,20.15688467993008,7.0,26.4,61.0,20.94755355644186,-2.7440466831642,-2.0286172108155087,-0.4274729514112039,0.9204192090996659,5,5,4,100,,cmaes
automatic_transmission,"(□_[0.0, 30.0] (RPM < 3000.0) ==> □_[0.0, 20.0] (speed < 70.0))",Breach,25.0,55.6,100.0,31.595885808123818,26.0,58.4,103.0,32.17607807051692,-5.697313422636299,-3.1996528446150934,-1.0041867527587556,1.6652610481961059,5,5,4,100,,cmaes
automatic_transmission,"(□_[0.0, 30.0] (RPM < 2500.0) ==> □_[0.0, 4.0] (speed < 35.0))",Breach,0.0,0.0,0.0,0.0,0.0,0.0,0.0,0.0,0.0,0.0,0.0,0.0,0,5,4,100,,cmaes
automatic_transmission,"(□_[0.0, 30.0] (RPM < 2500.0) ==> □_[0.0, 8.0] (speed < 45.0))",Breach,10.0,21.333333333333332,27.0,9.814954576223638,11.0,24.0,32.0,11.357816691600547,-2.587764218578414,-1.4649249214547713,-0.90350527289295,0.9724073556765379,3,5,4,100,,cmaes
automatic_transmission,"(□_[0.0, 30.0] (RPM < 2500.0) ==> □_[0.0, 20.0] (speed < 70.0))",Breach,0.0,0.0,0.0,0.0,0.0,0.0,0.0,0.0,0.0,0.0,0.0,0.0,0,5,4,100,,cmaes

model,property,algorithm,min simulations,avg simulations,max simulations,stdev simulations,min time,avg time,max time,stdev time,min robustness,avg robustness,max robustness,stdev robustness,success,trials,control points,budget,exploration ratio,solver
automatic_transmission,"□_[0.0, 5.0] (speed < 60.0)","uniform random",0.0,0.0,0.0,0.0,0.0,0.0,0.0,0.0,0.0,0.0,0.0,0.0,0,5,4,100,,
automatic_transmission,"□_[0.0, 10.0] (speed < 90.0)","uniform random",0.0,0.0,0.0,0.0,0.0,0.0,0.0,0.0,0.0,0.0,0.0,0.0,0,5,4,100,,
automatic_transmission,"□_[0.0, 20.0] (speed < 120.0)","uniform random",0.0,0.0,0.0,0.0,0.0,0.0,0.0,0.0,0.0,0.0,0.0,0.0,0,5,4,100,,
automatic_transmission,"□_[0.0, 30.0] (speed < 135.0)","uniform random",0.0,0.0,0.0,0.0,0.0,0.0,0.0,0.0,0.0,0.0,0.0,0.0,0,5,4,100,,
automatic_transmission,"□_[0.0, 50.0] (speed < 150.0)","uniform random",0.0,0.0,0.0,0.0,0.0,0.0,0.0,0.0,0.0,0.0,0.0,0.0,0,5,4,100,,
automatic_transmission,"□_[0.0, 5.0] (RPM < 4600.0)","uniform random",1.0,18.0,31.0,11.874342087037917,0.0,2.4,4.0,1.6733200530681511,-17.388888908455556,-6.801095810551487,-0.26419859786165034,7.045803221612081,5,5,4,100,,
automatic_transmission,"□_[0.0, 10.0] (RPM < 4750.0)","uniform random",7.0,45.333333333333336,82.0,37.52776749732568,1.0,7.0,13.0,6.0,-12.040212743723714,-9.888334461578173,-8.419993067910582,1.9044460175386235,3,5,4,100,,
automatic_transmission,"□_[0.0, 20.0] (RPM < 4750.0)","uniform random",1.0,4.6,9.0,3.646916505762094,0.0,0.4,1.0,0.5477225575051662,-15.091769203915646,-12.166847411713025,-8.15827128105775,2.872118484225099,5,5,4,100,,
automatic_transmission,"□_[0.0, 30.0] (RPM < 4750.0)","uniform random",2.0,8.6,18.0,6.6932802122726045,0.0,1.2,3.0,1.3038404810405297,-14.466690503152677,-9.781554184094421,-0.8061518006488768,5.578573319576726,5,5,4,100,,
automatic_transmission,"□_[0.0, 50.0] (RPM < 4800.0)","uniform random",0.0,0.0,0.0,0.0,0.0,0.0,0.0,0.0,0.0,0.0,0.0,0.0,0,5,4,100,,
automatic_transmission,"□_[0.0, 30.0] (((gear == 2.0) && ◇_[0.001, 0.1] (gear == 1.0)) ==> ◇_[0.001, 0.1] □_[0.0, 2.5] !(gear == 2.0))","uniform random",9.0,17.0,28.0,8.455767262643882,1.0,2.6,5.0,1.8165902124584952,-Infinity,-Infinity,-Infinity,NaN,5,5,4,100,,
automatic_transmission,"□_[0.0, 30.0] ((!(gear == 1.0) && ◇_[0.001, 0.1] (gear == 1.0)) ==> ◇_[0.001, 0.1] □_[0.0, 2.5] (gear == 1.0))","uniform random",9.0,17.0,28.0,8.455767262643882,1.0,2.6,4.0,1.3416407864998738,-Infinity,-Infinity,-Infinity,NaN,5,5,4,100,,
automatic_transmission,"□_[0.0, 30.0] ((!(gear == 2.0) && ◇_[0.001, 0.1] (gear == 2.0)) ==> ◇_[0.001, 0.1] □_[0.0, 2.5] (gear == 2.0))","uniform random",32.0,44.75,61.0,12.120918557051139,5.0,7.75,11.0,2.5,-Infinity,-Infinity,-Infinity,NaN,4,5,4,100,,
automatic_transmission,"□_[0.0, 30.0] ((!(gear == 3.0) && ◇_[0.001, 0.1] (gear == 3.0)) ==> ◇_[0.001, 0.1] □_[0.0, 2.5] (gear == 3.0))","uniform random",1.0,4.8,13.0,4.919349550499537,0.0,0.4,2.0,0.8944271909999161,-Infinity,-Infinity,-Infinity,NaN,5,5,4,100,,
automatic_transmission,"□_[0.0, 30.0] ((!(gear == 4.0) && ◇_[0.001, 0.1] (gear == 4.0)) ==> ◇_[0.001, 0.1] □_[0.0, 2.5] (gear == 4.0))","uniform random",20.0,38.4,57.0,17.415510328439993,3.0,6.4,10.0,3.286335345030997,-Infinity,-Infinity,-Infinity,NaN,5,5,4,100,,
automatic_transmission,"((□_[0.0, 30.0] ((!(gear == 2.0) && ◇_[0.001, 0.1] (gear == 2.0)) ==> ◇_[0.001, 0.1] □_[0.0, 2.5] (gear == 2.0)) && □_[0.0, 30.0] ((!(gear == 3.0) && ◇_[0.001, 0.1] (gear == 3.0)) ==> ◇_[0.001, 0.1] □_[0.0, 2.5] (gear == 3.0))) && □_[0.0, 30.0] ((!(gear == 4.0) && ◇_[0.001, 0.1] (gear == 4.0)) ==> ◇_[0.001, 0.1] □_[0.0, 2.5] (gear == 4.0)))","uniform random",1.0,4.8,12.0,4.324349662087931,0.0,0.4,2.0,0.894427190999916,-Infinity,-Infinity,-Infinity,NaN,5,5,4,100,,
automatic_transmission,"(□_[0.0, 30.0] (RPM < 4500.0) ==> □_[0.0, 4.0] (speed < 50.0))","uniform random",11.0,46.0,97.0,45.17742799230607,2.0,8.0,17.0,7.937253933193772,-1.9928685251047895,-1.3691206620678666,-0.8369790337995155,0.5833642993137712,3,5,4,100,,
automatic_transmission,"(□_[0.0, 30.0] (RPM < 4500.0) ==> □_[0.0, 8.0] (speed < 75.0))","uniform random",35.0,35.0,35.0,NaN,6.0,6.0,6.0,NaN,-0.5305013733749746,-0.5305013733749746,-0.5305013733749746,NaN,1,5,4,100,,
automatic_transmission,"(□_[0.0, 30.0] (RPM < 4500.0) ==> □_[0.0, 20.0] (speed < 100.0))","uniform random",15.0,38.25,55.0,17.839562774911272,2.0,6.0,9.0,3.1622776601683795,-3.7920608058213077,-1.8814486021504564,-0.41215646929056504,1.5833862283870481,4,5,4,100,,
automatic_transmission,"(□_[0.0, 30.0] (RPM < 3000.0) ==> □_[0.0, 4.0] (speed < 40.0))","uniform random",0.0,0.0,0.0,0.0,0.0,0.0,0.0,0.0,0.0,0.0,0.0,0.0,0,5,4,100,,
automatic_transmission,"(□_[0.0, 30.0] (RPM < 3000.0) ==> □_[0.0, 8.0] (speed < 55.0))","uniform random",0.0,0.0,0.0,0.0,0.0,0.0,0.0,0.0,0.0,0.0,0.0,0.0,0,5,4,100,,
automatic_transmission,"(□_[0.0, 30.0] (RPM < 3000.0) ==> □_[0.0, 20.0] (speed < 70.0))","uniform random",0.0,0.0,0.0,0.0,0.0,0.0,0.0,0.0,0.0,0.0,0.0,0.0,0,5,4,100,,
automatic_transmission,"(□_[0.0, 30.0] (RPM < 2500.0) ==> □_[0.0, 4.0] (speed < 30.0))","uniform random",30.0,30.0,30.0,NaN,5.0,5.0,5.0,NaN,-0.7287124381959416,-0.7287124381959416,-0.7287124381959416,NaN,1,5,4,100,,
automatic_transmission,"(□_[0.0, 30.0] (RPM < 2500.0) ==> □_[0.0, 8.0] (speed < 45.0))","uniform random",0.0,0.0,0.0,0.0,0.0,0.0,0.0,0.0,0.0,0.0,0.0,0.0,0,5,4,100,,
automatic_transmission,"(□_[0.0, 30.0] (RPM < 2500.0) ==> □_[0.0, 20.0] (speed < 60.0))","uniform random",0.0,0.0,0.0,0.0,0.0,0.0,0.0,0.0,0.0,0.0,0.0,0.0,0,5,4,100,,
automatic_transmission,"□_[0.0, 5.0] (speed < 60.0)",adaptive,7.0,17.4,29.0,9.710818709048171,0.0,1.8,3.0,1.3038404810405297,-1.2881595705469806,-0.45461288791139937,-0.19180319202905594,0.46957175448338173,5,5,"2 2 3 3 3 4",100,0.25,
automatic_transmission,"□_[0.0, 10.0] (speed < 90.0)",adaptive,4.0,14.4,29.0,9.235799911215054,0.0,1.4,3.0,1.140175425099138,-0.4906504196694925,-0.4906504196694925,-0.4906504196694925,0.0,5,5,"2 2 3 3 3 4",100,0.25,
automatic_transmission,"□_[0.0, 20.0] (speed < 120.0)",adaptive,4.0,14.4,29.0,9.235799911215054,0.0,1.6,4.0,1.51657508881031,-0.21327149261522038,-0.21327149261522038,-0.21327149261522038,0.0,5,5,"2 2 3 3 3 4",100,0.25,
automatic_transmission,"□_[0.0, 30.0] (speed < 135.0)",adaptive,4.0,14.4,29.0,9.235799911215054,0.0,1.6,4.0,1.51657508881031,-2.9801993614265143,-2.9801993614265143,-2.9801993614265143,0.0,5,5,"2 2 3 3 3 4",100,0.25,
automatic_transmission,"□_[0.0, 50.0] (speed < 150.0)",adaptive,4.0,14.8,29.0,10.183319694480772,0.0,1.8,4.0,1.7888543819998317,-4.694203210143002,-3.820795520770491,-1.4319136880269525,1.4185201931556681,5,5,"2 2 3 3 3 4",100,0.25,
automatic_transmission,"□_[0.0, 5.0] (RPM < 4600.0)",adaptive,1.0,6.8,13.0,5.357238094391549,0.0,0.4,1.0,0.5477225575051662,-33.58310270556922,-19.63741660359592,-3.83950569528497,10.793421910951134,5,5,"2 2 3 3 3 4",100,0.25,
automatic_transmission,"□_[0.0, 10.0] (RPM < 4750.0)",adaptive,1.0,3.4,11.0,4.277849927241487,0.0,0.2,1.0,0.447213595499958,-15.718428920079532,-13.643507850685092,-10.604781730522518,2.711012612592602,5,5,"2 2 3 3 3 4",100,0.25,
automatic_transmission,"□_[0.0, 20.0] (RPM < 4750.0)",adaptive,1.0,1.6,2.0,0.5477225575051661,0.0,0.0,0.0,0.0,-20.011272885287326,-17.08952364043653,-10.604781730522518,3.70203103709345,5,5,"2 2 3 3 3 4",100,0.25,
automatic_transmission,"□_[0.0, 30.0] (RPM < 4750.0)",adaptive,1.0,1.6,2.0,0.5477225575051661,0.0,0.0,0.0,0.0,-20.011272885287326,-17.08952364043653,-10.604781730522518,3.70203103709345,5,5,"2 2 3 3 3 4",100,0.25,
automatic_transmission,"□_[0.0, 50.0] (RPM < 4800.0)",adaptive,4.0,14.4,29.0,9.235799911215054,0.0,1.6,4.0,1.51657508881031,-56.74810218768471,-56.74810218768471,-56.74810218768471,0.0,5,5,"2 2 3 3 3 4",100,0.25,
automatic_transmission,"□_[0.0, 30.0] (((gear == 2.0) && ◇_[0.001, 0.1] (gear == 1.0)) ==> ◇_[0.001, 0.1] □_[0.0, 2.5] !(gear == 2.0))",adaptive,7.0,23.0,64.0,24.072806234421446,1.0,3.0,9.0,3.4641016151377544,-Infinity,-Infinity,-Infinity,NaN,5,5,"2 2 3 3 3 4",100,0.25,
automatic_transmission,"□_[0.0, 30.0] ((!(gear == 1.0) && ◇_[0.001, 0.1] (gear == 1.0)) ==> ◇_[0.001, 0.1] □_[0.0, 2.5] (gear == 1.0))",adaptive,7.0,23.0,64.0,24.072806234421446,1.0,3.0,9.0,3.4641016151377544,-Infinity,-Infinity,-Infinity,NaN,5,5,"2 2 3 3 3 4",100,0.25,
automatic_transmission,"□_[0.0, 30.0] ((!(gear == 2.0) && ◇_[0.001, 0.1] (gear == 2.0)) ==> ◇_[0.001, 0.1] □_[0.0, 2.5] (gear == 2.0))",adaptive,31.0,38.5,46.0,10.606601717798213,4.0,5.0,6.0,1.4142135623730951,-Infinity,-Infinity,-Infinity,NaN,2,5,"2 2 3 3 3 4",100,0.25,
automatic_transmission,"□_[0.0, 30.0] ((!(gear == 3.0) && ◇_[0.001, 0.1] (gear == 3.0)) ==> ◇_[0.001, 0.1] □_[0.0, 2.5] (gear == 3.0))",adaptive,50.0,71.0,100.0,25.942243542145693,7.0,10.0,14.0,3.605551275463989,-Infinity,-Infinity,-Infinity,NaN,3,5,"2 2 3 3 3 4",100,0.25,
automatic_transmission,"□_[0.0, 30.0] ((!(gear == 4.0) && ◇_[0.001, 0.1] (gear == 4.0)) ==> ◇_[0.001, 0.1] □_[0.0, 2.5] (gear == 4.0))",adaptive,53.0,54.5,56.0,2.1213203435596424,7.0,7.5,8.0,0.7071067811865476,-Infinity,-Infinity,-Infinity,NaN,2,5,"2 2 3 3 3 4",100,0.25,
automatic_transmission,"((□_[0.0, 30.0] ((!(gear == 2.0) && ◇_[0.001, 0.1] (gear == 2.0)) ==> ◇_[0.001, 0.1] □_[0.0, 2.5] (gear == 2.0)) && □_[0.0, 30.0] ((!(gear == 3.0) && ◇_[0.001, 0.1] (gear == 3.0)) ==> ◇_[0.001, 0.1] □_[0.0, 2.5] (gear == 3.0))) && □_[0.0, 30.0] ((!(gear == 4.0) && ◇_[0.001, 0.1] (gear == 4.0)) ==> ◇_[0.001, 0.1] □_[0.0, 2.5] (gear == 4.0)))",adaptive,15.0,39.8,74.0,23.847431727546677,2.0,5.6,11.0,3.5777087639996634,-Infinity,-Infinity,-Infinity,NaN,5,5,"2 2 3 3 3 4",100,0.25,
automatic_transmission,"(□_[0.0, 30.0] (RPM < 4500.0) ==> □_[0.0, 4.0] (speed < 50.0))",adaptive,5.0,31.333333333333332,51.0,23.71356854910988,0.0,4.0,7.0,3.605551275463989,-2.066758672659695,-2.066758672659695,-2.066758672659695,0.0,3,5,"2 2 3 3 3 4",100,0.25,
automatic_transmission,"(□_[0.0, 30.0] (RPM < 4500.0) ==> □_[0.0, 8.0] (speed < 75.0))",adaptive,5.0,21.5,38.0,23.33452377915607,0.0,2.5,5.0,3.5355339059327378,-1.758811337200882,-1.758811337200882,-1.758811337200882,0.0,2,5,"2 2 3 3 3 4",100,0.25,
automatic_transmission,"(□_[0.0, 30.0] (RPM < 4500.0) ==> □_[0.0, 20.0] (speed < 100.0))",adaptive,76.0,76.0,76.0,NaN,11.0,11.0,11.0,NaN,-2.300861387249853,-2.300861387249853,-2.300861387249853,NaN,1,5,"2 2 3 3 3 4",100,0.25,
automatic_transmission,"(□_[0.0, 30.0] (RPM < 3000.0) ==> □_[0.0, 4.0] (speed < 40.0))",adaptive,0.0,0.0,0.0,0.0,0.0,0.0,0.0,0.0,0.0,0.0,0.0,0.0,0,5,"2 2 3 3 3 4",100,0.25,
automatic_transmission,"(□_[0.0, 30.0] (RPM < 3000.0) ==> □_[0.0, 8.0] (speed < 55.0))",adaptive,0.0,0.0,0.0,0.0,0.0,0.0,0.0,0.0,0.0,0.0,0.0,0.0,0,5,"2 2 3 3 3 4",100,0.25,
automatic_transmission,"(□_[0.0, 30.0] (RPM < 3000.0) ==> □_[0.0, 20.0] (speed < 70.0))",adaptive,0.0,0.0,0.0,0.0,0.0,0.0,0.0,0.0,0.0,0.0,0.0,0.0,0,5,"2 2 3 3 3 4",100,0.25,
automatic_transmission,"(□_[0.0, 30.0] (RPM < 2500.0) ==> □_[0.0, 4.0] (speed < 30.0))",adaptive,45.0,65.0,85.0,28.284271247461902,8.0,11.5,15.0,4.949747468305833,-1.0652745280184277,-0.575229132151474,-0.08518373628452025,0.6930288450135382,2,5,"2 2 3 3 3 4",100,0.25,
automatic_transmission,"(□_[0.0, 30.0] (RPM < 2500.0) ==> □_[0.0, 8.0] (speed < 45.0))",adaptive,0.0,0.0,0.0,0.0,0.0,0.0,0.0,0.0,0.0,0.0,0.0,0.0,0,5,"2 2 3 3 3 4",100,0.25,
automatic_transmission,"(□_[0.0, 30.0] (RPM < 2500.0) ==> □_[0.0, 20.0] (speed < 60.0))",adaptive,0.0,0.0,0.0,0.0,0.0,0.0,0.0,0.0,0.0,0.0,0.0,0.0,0,5,"2 2 3 3 3 4",100,0.25,
automatic_transmission,"□_[0.0, 5.0] (speed < 60.0)",Breach,75.0,87.25,96.0,8.80814017448254,69.0,81.0,90.0,8.755950357709132,-0.5247766006803687,-0.34539988423358103,-0.026348335582156324,0.2364474170689346,4,5,4,100,,cmaes
automatic_transmission,"□_[0.0, 10.0] (speed < 90.0)",Breach,0.0,0.0,0.0,0.0,0.0,0.0,0.0,0.0,0.0,0.0,0.0,0.0,0,5,4,100,,cmaes
automatic_transmission,"□_[0.0, 20.0] (speed < 120.0)",Breach,0.0,0.0,0.0,0.0,0.0,0.0,0.0,0.0,0.0,0.0,0.0,0.0,0,5,4,100,,cmaes
automatic_transmission,"□_[0.0, 30.0] (speed < 135.0)",Breach,54.0,54.0,54.0,0.0,51.0,51.5,52.0,0.7071067811865476,-0.40272862684767574,-0.40272862684767574,-0.40272862684767574,0.0,2,5,4,100,,cmaes
automatic_transmission,"□_[0.0, 50.0] (speed < 150.0)",Breach,47.0,64.0,81.0,24.041630560342615,45.0,61.5,78.0,23.33452377915607,-0.44708580041034907,-0.2864113957033396,-0.12573699099633018,0.22722792226287622,2,5,4,100,,cmaes
automatic_transmission,"□_[0.0, 5.0] (RPM < 4600.0)",Breach,34.0,49.2,77.0,20.0174923504419,31.0,46.8,71.0,19.097120201747696,-27.671050255227783,-20.717136849928828,-10.898581798358464,6.696888492062817,5,5,4,100,,cmaes
automatic_transmission,"□_[0.0, 10.0] (RPM < 4750.0)",Breach,43.0,56.333333333333336,78.0,18.929694486000912,49.0,65.66666666666667,88.0,20.108041509140897,-17.93264044996704,-12.840396395082584,-7.058373642776132,5.469850604637787,3,5,4,100,,cmaes
automatic_transmission,"□_[0.0, 20.0] (RPM < 4750.0)",Breach,15.0,30.4,41.0,9.44986772394196,16.0,33.4,46.0,10.830512453249845,-19.547648003543145,-15.99560202862449,-11.6957226978775,3.8905653868725025,5,5,4,100,,cmaes
automatic_transmission,"□_[0.0, 30.0] (RPM < 4750.0)",Breach,19.0,26.0,32.0,5.873670062235365,22.0,29.2,36.0,6.099180272790763,-23.393683163218157,-18.509743796121985,-5.448319285276739,7.517208450634895,5,5,4,100,,cmaes
automatic_transmission,"□_[0.0, 50.0] (RPM < 4800.0)",Breach,0.0,0.0,0.0,0.0,0.0,0.0,0.0,0.0,0.0,0.0,0.0,0.0,0,5,4,100,,cmaes
automatic_transmission,"□_[0.0, 30.0] (((gear == 2.0) && ◇_[0.001, 0.1] (gear == 1.0)) ==> ◇_[0.001, 0.1] □_[0.0, 2.5] !(gear == 2.0))",Breach,0.0,0.0,0.0,0.0,0.0,0.0,0.0,0.0,0.0,0.0,0.0,0.0,0,5,4,100,,cmaes
automatic_transmission,"□_[0.0, 30.0] ((!(gear == 1.0) && ◇_[0.001, 0.1] (gear == 1.0)) ==> ◇_[0.001, 0.1] □_[0.0, 2.5] (gear == 1.0))",Breach,0.0,0.0,0.0,0.0,0.0,0.0,0.0,0.0,0.0,0.0,0.0,0.0,0,5,4,100,,cmaes
automatic_transmission,"□_[0.0, 30.0] ((!(gear == 2.0) && ◇_[0.001, 0.1] (gear == 2.0)) ==> ◇_[0.001, 0.1] □_[0.0, 2.5] (gear == 2.0))",Breach,0.0,0.0,0.0,0.0,0.0,0.0,0.0,0.0,0.0,0.0,0.0,0.0,0,5,4,100,,cmaes
automatic_transmission,"□_[0.0, 30.0] ((!(gear == 3.0) && ◇_[0.001, 0.1] (gear == 3.0)) ==> ◇_[0.001, 0.1] □_[0.0, 2.5] (gear == 3.0))",Breach,6.0,6.0,6.0,NaN,7.0,7.0,7.0,NaN,-1.0,-1.0,-1.0,NaN,1,5,4,100,,cmaes
automatic_transmission,"□_[0.0, 30.0] ((!(gear == 4.0) && ◇_[0.001, 0.1] (gear == 4.0)) ==> ◇_[0.001, 0.1] □_[0.0, 2.5] (gear == 4.0))",Breach,0.0,0.0,0.0,0.0,0.0,0.0,0.0,0.0,0.0,0.0,0.0,0.0,0,5,4,100,,cmaes
automatic_transmission,"((□_[0.0, 30.0] ((!(gear == 2.0) && ◇_[0.001, 0.1] (gear == 2.0)) ==> ◇_[0.001, 0.1] □_[0.0, 2.5] (gear == 2.0)) && □_[0.0, 30.0] ((!(gear == 3.0) && ◇_[0.001, 0.1] (gear == 3.0)) ==> ◇_[0.001, 0.1] □_[0.0, 2.5] (gear == 3.0))) && □_[0.0, 30.0] ((!(gear == 4.0) && ◇_[0.001, 0.1] (gear == 4.0)) ==> ◇_[0.001, 0.1] □_[0.0, 2.5] (gear == 4.0)))",Breach,6.0,6.0,6.0,NaN,7.0,7.0,7.0,NaN,-1.0,-1.0,-1.0,NaN,1,5,4,100,,cmaes
automatic_transmission,"(□_[0.0, 30.0] (RPM < 4500.0) ==> □_[0.0, 4.0] (speed < 50.0))",Breach,32.0,65.0,93.0,30.805843601498726,32.0,76.33333333333333,106.0,39.11947511576981,-1.850302407909929,-1.1262957612555813,-0.42988630948102724,0.7106100738400215,3,5,4,100,,cmaes
automatic_transmission,"(□_[0.0, 30.0] (RPM < 4500.0) ==> □_[0.0, 8.0] (speed < 75.0))",Breach,26.0,42.5,92.0,33.0,30.0,53.0,118.0,43.35127833563081,-2.498927575432546,-1.373451215467476,-0.25500762517823716,0.9160854820783126,4,5,4,100,,cmaes
automatic_transmission,"(□_[0.0, 30.0] (RPM < 4500.0) ==> □_[0.0, 20.0] (speed < 100.0))",Breach,46.0,71.8,94.0,21.844907873461036,56.0,89.4,119.0,28.63214976211182,-4.307536854315046,-1.6387986275109825,-0.40424673683509127,1.639770927121359,5,5,4,100,,cmaes
automatic_transmission,"(□_[0.0, 30.0] (RPM < 3000.0) ==> □_[0.0, 4.0] (speed < 40.0))",Breach,82.0,82.0,82.0,NaN,100.0,100.0,100.0,NaN,-0.19513506322645924,-0.19513506322645924,-0.19513506322645924,NaN,1,5,4,100,,cmaes
automatic_transmission,"(□_[0.0, 30.0] (RPM < 3000.0) ==> □_[0.0, 8.0] (speed < 55.0))",Breach,8.0,26.4,60.0,20.15688467993008,8.0,28.0,64.0,21.621748310439653,-2.7440466831642,-2.0286172108155087,-0.4274729514112039,0.9204192090996659,5,5,4,100,,cmaes
automatic_transmission,"(□_[0.0, 30.0] (RPM < 3000.0) ==> □_[0.0, 20.0] (speed < 70.0))",Breach,25.0,55.6,100.0,31.595885808123818,28.0,60.6,112.0,34.61647006845152,-5.697313422636299,-3.1996528446150934,-1.0041867527587556,1.6652610481961059,5,5,4,100,,cmaes
automatic_transmission,"(□_[0.0, 30.0] (RPM < 2500.0) ==> □_[0.0, 4.0] (speed < 30.0))",Breach,7.0,27.75,87.0,39.525308347943344,8.0,31.5,97.0,43.699733027407234,-3.3124396201598216,-1.3144197085053886,-0.021163844265309706,1.6003570066937292,4,5,4,100,,cmaes
automatic_transmission,"(□_[0.0, 30.0] (RPM < 2500.0) ==> □_[0.0, 8.0] (speed < 45.0))",Breach,10.0,21.333333333333332,27.0,9.814954576223638,12.0,24.333333333333332,35.0,11.590225767142474,-2.587764218578414,-1.4649249214547713,-0.90350527289295,0.9724073556765379,3,5,4,100,,cmaes
automatic_transmission,"(□_[0.0, 30.0] (RPM < 2500.0) ==> □_[0.0, 20.0] (speed < 60.0))",Breach,12.0,12.0,12.0,0.0,11.0,11.0,11.0,0.0,-0.650400533556116,-0.650400533556116,-0.650400533556116,0.0,2,5,4,100,,cmaes

