model,property,algorithm,seed,simulations,time,robustness,falsified,control points,budget,solver,exploration ratio
automatic_transmission,"(□_[0.0, 10.0] (speed < 80.0) || ◇_[0.0, 30.0] (4500.0 < RPM))","uniform random",0,160.0,59.0,-1.8660321169342353,yes,4,300,,
automatic_transmission,"(□_[0.0, 10.0] (speed < 80.0) || ◇_[0.0, 30.0] (4500.0 < RPM))","uniform random",-5188055115765021241,268.0,47.0,-0.1985599213314515,yes,4,300,,
automatic_transmission,"(□_[0.0, 10.0] (speed < 80.0) || ◇_[0.0, 30.0] (4500.0 < RPM))","uniform random",-1073980160380237862,15.0,2.0,-2.5394440925638264,yes,4,300,,
automatic_transmission,"(□_[0.0, 10.0] (speed < 80.0) || ◇_[0.0, 30.0] (4500.0 < RPM))","uniform random",1119023192736309770,300.0,53.0,2.135834800247764,no,4,300,,
automatic_transmission,"(□_[0.0, 10.0] (speed < 80.0) || ◇_[0.0, 30.0] (4500.0 < RPM))","uniform random",598535671638626545,300.0,54.0,0.3309556601766417,no,4,300,,
automatic_transmission,"(□_[0.0, 10.0] (speed < 80.0) || ◇_[0.0, 30.0] (4500.0 < RPM))","uniform random",-6144717709331964100,55.0,9.0,-4.76599368145763,yes,4,300,,
automatic_transmission,"(□_[0.0, 10.0] (speed < 80.0) || ◇_[0.0, 30.0] (4500.0 < RPM))","uniform random",1216776145831545509,11.0,1.0,-0.2596926466717946,yes,4,300,,
automatic_transmission,"(□_[0.0, 10.0] (speed < 80.0) || ◇_[0.0, 30.0] (4500.0 < RPM))","uniform random",-9045028995606345218,138.0,24.0,-0.20681180114873143,yes,4,300,,
automatic_transmission,"(□_[0.0, 10.0] (speed < 80.0) || ◇_[0.0, 30.0] (4500.0 < RPM))","uniform random",3252720185567243584,100.0,17.0,-0.3405057521731578,yes,4,300,,
automatic_transmission,"(□_[0.0, 10.0] (speed < 80.0) || ◇_[0.0, 30.0] (4500.0 < RPM))","uniform random",-5513331900409711014,158.0,28.0,-0.5690379929760212,yes,4,300,,
automatic_transmission,"(□_[0.0, 10.0] (speed < 80.0) || ◇_[0.0, 30.0] (4500.0 < RPM))","uniform random",3247030408863316850,13.0,2.0,-1.148265001554961,yes,4,300,,
automatic_transmission,"(□_[0.0, 10.0] (speed < 80.0) || ◇_[0.0, 30.0] (4500.0 < RPM))","uniform random",-9218719252906304262,83.0,14.0,-1.9818010280855134,yes,4,300,,
automatic_transmission,"(□_[0.0, 10.0] (speed < 80.0) || ◇_[0.0, 30.0] (4500.0 < RPM))","uniform random",259653596694320818,36.0,6.0,-3.260675219505316,yes,4,300,,
automatic_transmission,"(□_[0.0, 10.0] (speed < 80.0) || ◇_[0.0, 30.0] (4500.0 < RPM))","uniform random",1453473619402475189,112.0,19.0,-2.443786171787977,yes,4,300,,
automatic_transmission,"(□_[0.0, 10.0] (speed < 80.0) || ◇_[0.0, 30.0] (4500.0 < RPM))","uniform random",-667735118270113759,191.0,33.0,-1.618169709474131,yes,4,300,,
automatic_transmission,"(□_[0.0, 10.0] (speed < 80.0) || ◇_[0.0, 30.0] (4500.0 < RPM))","uniform random",-2318490829461882839,23.0,4.0,-2.4258597936346433,yes,4,300,,
automatic_transmission,"(□_[0.0, 10.0] (speed < 80.0) || ◇_[0.0, 30.0] (4500.0 < RPM))","uniform random",354912406402411219,99.0,17.0,-0.9603785952555057,yes,4,300,,
automatic_transmission,"(□_[0.0, 10.0] (speed < 80.0) || ◇_[0.0, 30.0] (4500.0 < RPM))","uniform random",7878410728186145845,142.0,25.0,-2.200135756668402,yes,4,300,,
automatic_transmission,"(□_[0.0, 10.0] (speed < 80.0) || ◇_[0.0, 30.0] (4500.0 < RPM))","uniform random",4602144629971564252,219.0,38.0,-3.535368743801726,yes,4,300,,
automatic_transmission,"(□_[0.0, 10.0] (speed < 80.0) || ◇_[0.0, 30.0] (4500.0 < RPM))","uniform random",-7419750525572999502,300.0,52.0,0.4144211686923569,no,4,300,,
automatic_transmission,"(□_[0.0, 10.0] (speed < 80.0) || ◇_[0.0, 30.0] (4500.0 < RPM))","uniform random",4370914919068939735,300.0,54.0,0.5829525742766037,no,4,300,,
automatic_transmission,"(□_[0.0, 10.0] (speed < 80.0) || ◇_[0.0, 30.0] (4500.0 < RPM))","uniform random",-3550284293574377384,300.0,53.0,6.260842056349247E-6,no,4,300,,
automatic_transmission,"(□_[0.0, 10.0] (speed < 80.0) || ◇_[0.0, 30.0] (4500.0 < RPM))","uniform random",2477059668020947945,12.0,2.0,-2.8246727069007704,yes,4,300,,
automatic_transmission,"(□_[0.0, 10.0] (speed < 80.0) || ◇_[0.0, 30.0] (4500.0 < RPM))","uniform random",7608967093465966306,300.0,53.0,1.4606938932678162,no,4,300,,
automatic_transmission,"(□_[0.0, 10.0] (speed < 80.0) || ◇_[0.0, 30.0] (4500.0 < RPM))","uniform random",8830304952364208095,57.0,10.0,-2.5733851542798476,yes,4,300,,
automatic_transmission,"(□_[0.0, 10.0] (speed < 80.0) || ◇_[0.0, 30.0] (4500.0 < RPM))","uniform random",-4030442564131599876,171.0,30.0,-0.3827229552029934,yes,4,300,,
automatic_transmission,"(□_[0.0, 10.0] (speed < 80.0) || ◇_[0.0, 30.0] (4500.0 < RPM))","uniform random",6692999145978003312,9.0,1.0,-0.21493925298149463,yes,4,300,,
automatic_transmission,"(□_[0.0, 10.0] (speed < 80.0) || ◇_[0.0, 30.0] (4500.0 < RPM))","uniform random",-4931668240058459163,300.0,53.0,1.4273727644979886,no,4,300,,
automatic_transmission,"(□_[0.0, 10.0] (speed < 80.0) || ◇_[0.0, 30.0] (4500.0 < RPM))","uniform random",-8829034803946702969,92.0,16.0,-2.296854010067861,yes,4,300,,
automatic_transmission,"(□_[0.0, 10.0] (speed < 80.0) || ◇_[0.0, 30.0] (4500.0 < RPM))","uniform random",-2353421046468780693,33.0,5.0,-1.174612235426011,yes,4,300,,
automatic_transmission,"(□_[0.0, 10.0] (speed < 80.0) || ◇_[0.0, 30.0] (4500.0 < RPM))","uniform random",-3853560689279477686,27.0,4.0,-3.9366516340517563,yes,4,300,,
automatic_transmission,"(□_[0.0, 10.0] (speed < 80.0) || ◇_[0.0, 30.0] (4500.0 < RPM))","uniform random",2933797055504047825,300.0,53.0,2.0688305161614693,no,4,300,,
automatic_transmission,"(□_[0.0, 10.0] (speed < 80.0) || ◇_[0.0, 30.0] (4500.0 < RPM))","uniform random",-4640054609601417685,186.0,32.0,-2.4040263588949102,yes,4,300,,
automatic_transmission,"(□_[0.0, 10.0] (speed < 80.0) || ◇_[0.0, 30.0] (4500.0 < RPM))","uniform random",2515614123535692122,25.0,4.0,-0.2912892618705314,yes,4,300,,
automatic_transmission,"(□_[0.0, 10.0] (speed < 80.0) || ◇_[0.0, 30.0] (4500.0 < RPM))","uniform random",-3554214330103795695,20.0,3.0,-2.8516107297891296,yes,4,300,,
automatic_transmission,"(□_[0.0, 10.0] (speed < 80.0) || ◇_[0.0, 30.0] (4500.0 < RPM))","uniform random",-7747385951319276823,152.0,26.0,-0.3665322593630407,yes,4,300,,
automatic_transmission,"(□_[0.0, 10.0] (speed < 80.0) || ◇_[0.0, 30.0] (4500.0 < RPM))","uniform random",-235358947282312621,186.0,33.0,-0.306322577407002,yes,4,300,,
automatic_transmission,"(□_[0.0, 10.0] (speed < 80.0) || ◇_[0.0, 30.0] (4500.0 < RPM))","uniform random",-5417663216209968786,300.0,53.0,0.6058132899133852,no,4,300,,
automatic_transmission,"(□_[0.0, 10.0] (speed < 80.0) || ◇_[0.0, 30.0] (4500.0 < RPM))","uniform random",-872347501970821222,300.0,52.0,0.49381609932068216,no,4,300,,
automatic_transmission,"(□_[0.0, 10.0] (speed < 80.0) || ◇_[0.0, 30.0] (4500.0 < RPM))","uniform random",-3270244756238953327,121.0,21.0,-0.8185440466586869,yes,4,300,,
automatic_transmission,"(□_[0.0, 10.0] (speed < 80.0) || ◇_[0.0, 30.0] (4500.0 < RPM))","uniform random",9033316213230653780,300.0,54.0,0.37195512214367454,no,4,300,,
automatic_transmission,"(□_[0.0, 10.0] (speed < 80.0) || ◇_[0.0, 30.0] (4500.0 < RPM))","uniform random",699078535214054353,143.0,25.0,-1.3731182043833456,yes,4,300,,
automatic_transmission,"(□_[0.0, 10.0] (speed < 80.0) || ◇_[0.0, 30.0] (4500.0 < RPM))","uniform random",-2229914112842889986,146.0,26.0,-2.2945691298154145,yes,4,300,,
automatic_transmission,"(□_[0.0, 10.0] (speed < 80.0) || ◇_[0.0, 30.0] (4500.0 < RPM))","uniform random",5395514020962070953,199.0,35.0,-0.7397362554885234,yes,4,300,,
automatic_transmission,"(□_[0.0, 10.0] (speed < 80.0) || ◇_[0.0, 30.0] (4500.0 < RPM))","uniform random",-2521231534184722491,65.0,11.0,-1.4070522223193365,yes,4,300,,
automatic_transmission,"(□_[0.0, 10.0] (speed < 80.0) || ◇_[0.0, 30.0] (4500.0 < RPM))","uniform random",-9022366816878507082,75.0,13.0,-0.47611797301836134,yes,4,300,,
automatic_transmission,"(□_[0.0, 10.0] (speed < 80.0) || ◇_[0.0, 30.0] (4500.0 < RPM))","uniform random",-606601501136118214,22.0,3.0,-4.557679924225525,yes,4,300,,
automatic_transmission,"(□_[0.0, 10.0] (speed < 80.0) || ◇_[0.0, 30.0] (4500.0 < RPM))","uniform random",2994922965713613363,300.0,53.0,0.3397096372442121,no,4,300,,
automatic_transmission,"(□_[0.0, 10.0] (speed < 80.0) || ◇_[0.0, 30.0] (4500.0 < RPM))","uniform random",9203285302855321290,300.0,53.0,0.5945286251993025,no,4,300,,
automatic_transmission,"(□_[0.0, 10.0] (speed < 80.0) || ◇_[0.0, 30.0] (4500.0 < RPM))","uniform random",-8669643070921231863,300.0,53.0,0.3118190486876955,no,4,300,,
automatic_transmission,"(□_[0.0, 10.0] (speed < 50.0) || ◇_[0.0, 30.0] (2700.0 < RPM))","uniform random",0,300.0,53.0,3.1846372500904465,no,4,300,,
automatic_transmission,"(□_[0.0, 10.0] (speed < 50.0) || ◇_[0.0, 30.0] (2700.0 < RPM))","uniform random",-7446064760990879566,300.0,53.0,3.318126395152987,no,4,300,,
automatic_transmission,"(□_[0.0, 10.0] (speed < 50.0) || ◇_[0.0, 30.0] (2700.0 < RPM))","uniform random",2660640096327236495,300.0,53.0,7.332865914649489,no,4,300,,
automatic_transmission,"(□_[0.0, 10.0] (speed < 50.0) || ◇_[0.0, 30.0] (2700.0 < RPM))","uniform random",9013186094659412439,300.0,53.0,4.637969123982366,no,4,300,,
automatic_transmission,"(□_[0.0, 10.0] (speed < 50.0) || ◇_[0.0, 30.0] (2700.0 < RPM))","uniform random",6736484060908379297,300.0,53.0,4.663193264307097,no,4,300,,
automatic_transmission,"(□_[0.0, 10.0] (speed < 50.0) || ◇_[0.0, 30.0] (2700.0 < RPM))","uniform random",2412024523081505550,300.0,53.0,8.039754081240687,no,4,300,,
automatic_transmission,"(□_[0.0, 10.0] (speed < 50.0) || ◇_[0.0, 30.0] (2700.0 < RPM))","uniform random",-998948971971237567,300.0,54.0,1.233875926549267,no,4,300,,
automatic_transmission,"(□_[0.0, 10.0] (speed < 50.0) || ◇_[0.0, 30.0] (2700.0 < RPM))","uniform random",-8603536844836045384,300.0,53.0,10.272082564729551,no,4,300,,
automatic_transmission,"(□_[0.0, 10.0] (speed < 50.0) || ◇_[0.0, 30.0] (2700.0 < RPM))","uniform random",6910712323359051413,300.0,53.0,12.435849475688507,no,4,300,,
automatic_transmission,"(□_[0.0, 10.0] (speed < 50.0) || ◇_[0.0, 30.0] (2700.0 < RPM))","uniform random",-5580088396411371425,300.0,53.0,3.5702922428830277,no,4,300,,
automatic_transmission,"(□_[0.0, 10.0] (speed < 50.0) || ◇_[0.0, 30.0] (2700.0 < RPM))","uniform random",3835908933267529690,300.0,54.0,2.048268546147277,no,4,300,,
automatic_transmission,"(□_[0.0, 10.0] (speed < 50.0) || ◇_[0.0, 30.0] (2700.0 < RPM))","uniform random",3538418442377313471,300.0,53.0,4.583026748920652,no,4,300,,
automatic_transmission,"(□_[0.0, 10.0] (speed < 50.0) || ◇_[0.0, 30.0] (2700.0 < RPM))","uniform random",7311037152464982660,300.0,53.0,6.39791915799637,no,4,300,,
automatic_transmission,"(□_[0.0, 10.0] (speed < 50.0) || ◇_[0.0, 30.0] (2700.0 < RPM))","uniform random",4758519069225598247,300.0,53.0,5.93246970101746,no,4,300,,
automatic_transmission,"(□_[0.0, 10.0] (speed < 50.0) || ◇_[0.0, 30.0] (2700.0 < RPM))","uniform random",-7884957190656726080,300.0,53.0,6.378680597785781,no,4,300,,
automatic_transmission,"(□_[0.0, 10.0] (speed < 50.0) || ◇_[0.0, 30.0] (2700.0 < RPM))","uniform random",-7352289279656071959,300.0,53.0,6.38469001732858,no,4,300,,
automatic_transmission,"(□_[0.0, 10.0] (speed < 50.0) || ◇_[0.0, 30.0] (2700.0 < RPM))","uniform random",3246824289411322712,300.0,53.0,1.3755668973514759,no,4,300,,
automatic_transmission,"(□_[0.0, 10.0] (speed < 50.0) || ◇_[0.0, 30.0] (2700.0 < RPM))","uniform random",-2458494173300514058,300.0,52.0,4.8860715395386904,no,4,300,,
automatic_transmission,"(□_[0.0, 10.0] (speed < 50.0) || ◇_[0.0, 30.0] (2700.0 < RPM))","uniform random",7805672277510337551,300.0,53.0,8.01323651672687,no,4,300,,
automatic_transmission,"(□_[0.0, 10.0] (speed < 50.0) || ◇_[0.0, 30.0] (2700.0 < RPM))","uniform random",706745218043169146,189.0,33.0,-1.1413713120779647,yes,4,300,,
automatic_transmission,"(□_[0.0, 10.0] (speed < 50.0) || ◇_[0.0, 30.0] (2700.0 < RPM))","uniform random",8842138635619514329,300.0,53.0,2.2050049104686877,no,4,300,,
automatic_transmission,"(□_[0.0, 10.0] (speed < 50.0) || ◇_[0.0, 30.0] (2700.0 < RPM))","uniform random",-6818448355537721560,300.0,53.0,4.478619570195995,no,4,300,,
automatic_transmission,"(□_[0.0, 10.0] (speed < 50.0) || ◇_[0.0, 30.0] (2700.0 < RPM))","uniform random",-1981344342435528032,300.0,53.0,2.678035464000736,no,4,300,,
automatic_transmission,"(□_[0.0, 10.0] (speed < 50.0) || ◇_[0.0, 30.0] (2700.0 < RPM))","uniform random",751891830300595596,300.0,53.0,5.27102067154599,no,4,300,,
automatic_transmission,"(□_[0.0, 10.0] (speed < 50.0) || ◇_[0.0, 30.0] (2700.0 < RPM))","uniform random",-1514772349270093906,300.0,53.0,0.02926849665427511,no,4,300,,
automatic_transmission,"(□_[0.0, 10.0] (speed < 50.0) || ◇_[0.0, 30.0] (2700.0 < RPM))","uniform random",-8339588384014115876,300.0,53.0,5.726210117952299,no,4,300,,
automatic_transmission,"(□_[0.0, 10.0] (speed < 50.0) || ◇_[0.0, 30.0] (2700.0 < RPM))","uniform random",7488902886581963447,300.0,53.0,0.30174445373786085,no,4,300,,
automatic_transmission,"(□_[0.0, 10.0] (speed < 50.0) || ◇_[0.0, 30.0] (2700.0 < RPM))","uniform random",-3627899327605571697,300.0,53.0,5.896121828272186,no,4,300,,
automatic_transmission,"(□_[0.0, 10.0] (speed < 50.0) || ◇_[0.0, 30.0] (2700.0 < RPM))","uniform random",3732199198634492224,300.0,52.0,1.043879442644993,no,4,300,,
automatic_transmission,"(□_[0.0, 10.0] (speed < 50.0) || ◇_[0.0, 30.0] (2700.0 < RPM))","uniform random",-7323653595470115108,300.0,53.0,1.1232797033918231,no,4,300,,
automatic_transmission,"(□_[0.0, 10.0] (speed < 50.0) || ◇_[0.0, 30.0] (2700.0 < RPM))","uniform random",-6579275538650922204,176.0,31.0,-1.1554102557743064,yes,4,300,,
automatic_transmission,"(□_[0.0, 10.0] (speed < 50.0) || ◇_[0.0, 30.0] (2700.0 < RPM))","uniform random",-2615314950066970366,300.0,53.0,10.61250062039904,no,4,300,,
automatic_transmission,"(□_[0.0, 10.0] (speed < 50.0) || ◇_[0.0, 30.0] (2700.0 < RPM))","uniform random",-5240889102638765084,300.0,53.0,3.9589419614096144,no,4,300,,
automatic_transmission,"(□_[0.0, 10.0] (speed < 50.0) || ◇_[0.0, 30.0] (2700.0 < RPM))","uniform random",-2153262851375773616,300.0,53.0,5.4905326731298345,no,4,300,,
automatic_transmission,"(□_[0.0, 10.0] (speed < 50.0) || ◇_[0.0, 30.0] (2700.0 < RPM))","uniform random",8731021664529721764,300.0,53.0,0.04114688765560004,no,4,300,,
automatic_transmission,"(□_[0.0, 10.0] (speed < 50.0) || ◇_[0.0, 30.0] (2700.0 < RPM))","uniform random",4115814338378875719,300.0,53.0,11.144407967373809,no,4,300,,
automatic_transmission,"(□_[0.0, 10.0] (speed < 50.0) || ◇_[0.0, 30.0] (2700.0 < RPM))","uniform random",-4878859633537431331,300.0,53.0,2.0482062135252335,no,4,300,,
automatic_transmission,"(□_[0.0, 10.0] (speed < 50.0) || ◇_[0.0, 30.0] (2700.0 < RPM))","uniform random",5203527245770544754,300.0,53.0,3.2179515412233357,no,4,300,,
automatic_transmission,"(□_[0.0, 10.0] (speed < 50.0) || ◇_[0.0, 30.0] (2700.0 < RPM))","uniform random",-7012985548747600584,300.0,53.0,9.440445966969783,no,4,300,,
automatic_transmission,"(□_[0.0, 10.0] (speed < 50.0) || ◇_[0.0, 30.0] (2700.0 < RPM))","uniform random",4609757942587255687,300.0,53.0,1.1937252550908397,no,4,300,,
automatic_transmission,"(□_[0.0, 10.0] (speed < 50.0) || ◇_[0.0, 30.0] (2700.0 < RPM))","uniform random",-2433343361480830752,300.0,53.0,3.8855440356574107,no,4,300,,
automatic_transmission,"(□_[0.0, 10.0] (speed < 50.0) || ◇_[0.0, 30.0] (2700.0 < RPM))","uniform random",-4358536347544474191,300.0,53.0,1.0207558615582286,no,4,300,,
automatic_transmission,"(□_[0.0, 10.0] (speed < 50.0) || ◇_[0.0, 30.0] (2700.0 < RPM))","uniform random",5870561299029970844,300.0,52.0,9.11636154744859,no,4,300,,
automatic_transmission,"(□_[0.0, 10.0] (speed < 50.0) || ◇_[0.0, 30.0] (2700.0 < RPM))","uniform random",8627091841383230896,300.0,53.0,0.42204196205798894,no,4,300,,
automatic_transmission,"(□_[0.0, 10.0] (speed < 50.0) || ◇_[0.0, 30.0] (2700.0 < RPM))","uniform random",7266871797742769392,300.0,53.0,3.607870322388628,no,4,300,,
automatic_transmission,"(□_[0.0, 10.0] (speed < 50.0) || ◇_[0.0, 30.0] (2700.0 < RPM))","uniform random",-1551192013774879941,300.0,53.0,7.052301836777048,no,4,300,,
automatic_transmission,"(□_[0.0, 10.0] (speed < 50.0) || ◇_[0.0, 30.0] (2700.0 < RPM))","uniform random",-4228183684749093451,300.0,53.0,3.4544428180171067,no,4,300,,
automatic_transmission,"(□_[0.0, 10.0] (speed < 50.0) || ◇_[0.0, 30.0] (2700.0 < RPM))","uniform random",-456851970517102419,300.0,53.0,10.2611437526838,no,4,300,,
automatic_transmission,"(□_[0.0, 10.0] (speed < 50.0) || ◇_[0.0, 30.0] (2700.0 < RPM))","uniform random",7984526380734240710,300.0,52.0,6.296138087030947,no,4,300,,
automatic_transmission,"(□_[0.0, 10.0] (speed < 50.0) || ◇_[0.0, 30.0] (2700.0 < RPM))","uniform random",3196352217594861487,300.0,53.0,1.98669982266442,no,4,300,,
automatic_transmission,"(□_[0.0, 10.0] (speed < 80.0) || ◇_[0.0, 30.0] (4500.0 < RPM))",Breach,0,96.0,64.0,-0.18713611701569732,yes,4,300,cmaes,
automatic_transmission,"(□_[0.0, 10.0] (speed < 80.0) || ◇_[0.0, 30.0] (4500.0 < RPM))",Breach,-4962768465676381896,83.0,55.0,-1.3756772792362142,yes,4,300,cmaes,
automatic_transmission,"(□_[0.0, 10.0] (speed < 80.0) || ◇_[0.0, 30.0] (4500.0 < RPM))",Breach,4804307197456638271,90.0,60.0,-2.1533493009024625,yes,4,300,cmaes,
automatic_transmission,"(□_[0.0, 10.0] (speed < 80.0) || ◇_[0.0, 30.0] (4500.0 < RPM))",Breach,-1034601897293430941,31.0,20.0,-1.339320084610577,yes,4,300,cmaes,
automatic_transmission,"(□_[0.0, 10.0] (speed < 80.0) || ◇_[0.0, 30.0] (4500.0 < RPM))",Breach,7848011421992302230,90.0,59.0,-2.1533493009024625,yes,4,300,cmaes,
automatic_transmission,"(□_[0.0, 10.0] (speed < 80.0) || ◇_[0.0, 30.0] (4500.0 < RPM))",Breach,-8929183248358367000,53.0,35.0,-1.6090818471990787,yes,4,300,cmaes,
automatic_transmission,"(□_[0.0, 10.0] (speed < 80.0) || ◇_[0.0, 30.0] (4500.0 < RPM))",Breach,488730542833106255,90.0,61.0,-2.1533493009024625,yes,4,300,cmaes,
automatic_transmission,"(□_[0.0, 10.0] (speed < 80.0) || ◇_[0.0, 30.0] (4500.0 < RPM))",Breach,5082315122564986995,90.0,60.0,-2.1533493009024625,yes,4,300,cmaes,
automatic_transmission,"(□_[0.0, 10.0] (speed < 80.0) || ◇_[0.0, 30.0] (4500.0 < RPM))",Breach,-4023469995120514721,83.0,55.0,-2.557256927459477,yes,4,300,cmaes,
automatic_transmission,"(□_[0.0, 10.0] (speed < 80.0) || ◇_[0.0, 30.0] (4500.0 < RPM))",Breach,-652523483647487500,108.0,73.0,-1.7104300596680844,yes,4,300,cmaes,
automatic_transmission,"(□_[0.0, 10.0] (speed < 80.0) || ◇_[0.0, 30.0] (4500.0 < RPM))",Breach,733208966369662072,90.0,60.0,-2.1533493009024625,yes,4,300,cmaes,
automatic_transmission,"(□_[0.0, 10.0] (speed < 80.0) || ◇_[0.0, 30.0] (4500.0 < RPM))",Breach,-2859003968966358305,232.0,162.0,-0.49783259090527565,yes,4,300,cmaes,
automatic_transmission,"(□_[0.0, 10.0] (speed < 80.0) || ◇_[0.0, 30.0] (4500.0 < RPM))",Breach,2391129358218448901,90.0,60.0,-2.1533493009024625,yes,4,300,cmaes,
automatic_transmission,"(□_[0.0, 10.0] (speed < 80.0) || ◇_[0.0, 30.0] (4500.0 < RPM))",Breach,462804890636782426,90.0,61.0,-2.1533493009024625,yes,4,300,cmaes,
automatic_transmission,"(□_[0.0, 10.0] (speed < 80.0) || ◇_[0.0, 30.0] (4500.0 < RPM))",Breach,4152650890530247911,90.0,60.0,-2.1533493009024625,yes,4,300,cmaes,
automatic_transmission,"(□_[0.0, 10.0] (speed < 80.0) || ◇_[0.0, 30.0] (4500.0 < RPM))",Breach,-7824937040248809533,159.0,109.0,-0.07679216294383195,yes,4,300,cmaes,
automatic_transmission,"(□_[0.0, 10.0] (speed < 80.0) || ◇_[0.0, 30.0] (4500.0 < RPM))",Breach,-7423161351415864473,105.0,71.0,-1.8980618255290267,yes,4,300,cmaes,
automatic_transmission,"(□_[0.0, 10.0] (speed < 80.0) || ◇_[0.0, 30.0] (4500.0 < RPM))",Breach,-1712070416600608528,175.0,121.0,-1.2117544485096516,yes,4,300,cmaes,
automatic_transmission,"(□_[0.0, 10.0] (speed < 80.0) || ◇_[0.0, 30.0] (4500.0 < RPM))",Breach,-7558503418509576542,118.0,80.0,-0.31685454060523455,yes,4,300,cmaes,
automatic_transmission,"(□_[0.0, 10.0] (speed < 80.0) || ◇_[0.0, 30.0] (4500.0 < RPM))",Breach,-1602231814014388968,64.0,43.0,-3.756812561472614,yes,4,300,cmaes,
automatic_transmission,"(□_[0.0, 10.0] (speed < 80.0) || ◇_[0.0, 30.0] (4500.0 < RPM))",Breach,-8398198349610176347,74.0,49.0,-2.411274725360201,yes,4,300,cmaes,
automatic_transmission,"(□_[0.0, 10.0] (speed < 80.0) || ◇_[0.0, 30.0] (4500.0 < RPM))",Breach,8543763135442756639,90.0,60.0,-2.1533493009024625,yes,4,300,cmaes,
automatic_transmission,"(□_[0.0, 10.0] (speed < 80.0) || ◇_[0.0, 30.0] (4500.0 < RPM))",Breach,-6771948130860443991,213.0,148.0,-0.44889985612201144,yes,4,300,cmaes,
automatic_transmission,"(□_[0.0, 10.0] (speed < 80.0) || ◇_[0.0, 30.0] (4500.0 < RPM))",Breach,-6872183637580745469,30.0,20.0,-2.1138242881148983,yes,4,300,cmaes,
automatic_transmission,"(□_[0.0, 10.0] (speed < 80.0) || ◇_[0.0, 30.0] (4500.0 < RPM))",Breach,-4362937514027401353,14.0,9.0,-0.9475564475967673,yes,4,300,cmaes,
automatic_transmission,"(□_[0.0, 10.0] (speed < 80.0) || ◇_[0.0, 30.0] (4500.0 < RPM))",Breach,-645818057311197652,163.0,113.0,-0.4699451621525128,yes,4,300,cmaes,
automatic_transmission,"(□_[0.0, 10.0] (speed < 80.0) || ◇_[0.0, 30.0] (4500.0 < RPM))",Breach,-2589363629201395742,35.0,23.0,-1.1477310513914034,yes,4,300,cmaes,
automatic_transmission,"(□_[0.0, 10.0] (speed < 80.0) || ◇_[0.0, 30.0] (4500.0 < RPM))",Breach,-1292473327617944349,155.0,107.0,-0.3950074116904432,yes,4,300,cmaes,
automatic_transmission,"(□_[0.0, 10.0] (speed < 80.0) || ◇_[0.0, 30.0] (4500.0 < RPM))",Breach,7708962365626450022,90.0,61.0,-2.1533493009024625,yes,4,300,cmaes,
automatic_transmission,"(□_[0.0, 10.0] (speed < 80.0) || ◇_[0.0, 30.0] (4500.0 < RPM))",Breach,-1985167797452687559,177.0,122.0,-0.7277838879532226,yes,4,300,cmaes,
automatic_transmission,"(□_[0.0, 10.0] (speed < 80.0) || ◇_[0.0, 30.0] (4500.0 < RPM))",Breach,-9181452172432867415,77.0,52.0,-0.7347912885751811,yes,4,300,cmaes,
automatic_transmission,"(□_[0.0, 10.0] (speed < 80.0) || ◇_[0.0, 30.0] (4500.0 < RPM))",Breach,5136175437742153992,90.0,61.0,-2.1533493009024625,yes,4,300,cmaes,
automatic_transmission,"(□_[0.0, 10.0] (speed < 80.0) || ◇_[0.0, 30.0] (4500.0 < RPM))",Breach,2461321076443974826,90.0,61.0,-2.1533493009024625,yes,4,300,cmaes,
automatic_transmission,"(□_[0.0, 10.0] (speed < 80.0) || ◇_[0.0, 30.0] (4500.0 < RPM))",Breach,5393678625457699973,90.0,61.0,-2.1533493009024625,yes,4,300,cmaes,
automatic_transmission,"(□_[0.0, 10.0] (speed < 80.0) || ◇_[0.0, 30.0] (4500.0 < RPM))",Breach,-5223836593555421482,87.0,59.0,-2.2985111922142494,yes,4,300,cmaes,
automatic_transmission,"(□_[0.0, 10.0] (speed < 80.0) || ◇_[0.0, 30.0] (4500.0 < RPM))",Breach,4231336260356479292,90.0,61.0,-2.1533493009024625,yes,4,300,cmaes,
automatic_transmission,"(□_[0.0, 10.0] (speed < 80.0) || ◇_[0.0, 30.0] (4500.0 < RPM))",Breach,80026624404206994,90.0,61.0,-2.1533493009024625,yes,4,300,cmaes,
automatic_transmission,"(□_[0.0, 10.0] (speed < 80.0) || ◇_[0.0, 30.0] (4500.0 < RPM))",Breach,5629798281369249587,90.0,61.0,-2.1533493009024625,yes,4,300,cmaes,
automatic_transmission,"(□_[0.0, 10.0] (speed < 80.0) || ◇_[0.0, 30.0] (4500.0 < RPM))",Breach,-7970476187495257102,61.0,41.0,-0.7672110472156959,yes,4,300,cmaes,
automatic_transmission,"(□_[0.0, 10.0] (speed < 80.0) || ◇_[0.0, 30.0] (4500.0 < RPM))",Breach,8328412070939253235,90.0,61.0,-2.1533493009024625,yes,4,300,cmaes,
automatic_transmission,"(□_[0.0, 10.0] (speed < 80.0) || ◇_[0.0, 30.0] (4500.0 < RPM))",Breach,8613213585075034408,90.0,61.0,-2.1533493009024625,yes,4,300,cmaes,
automatic_transmission,"(□_[0.0, 10.0] (speed < 80.0) || ◇_[0.0, 30.0] (4500.0 < RPM))",Breach,7839281802022211816,90.0,61.0,-2.1533493009024625,yes,4,300,cmaes,
automatic_transmission,"(□_[0.0, 10.0] (speed < 80.0) || ◇_[0.0, 30.0] (4500.0 < RPM))",Breach,605170570079111320,90.0,61.0,-2.1533493009024625,yes,4,300,cmaes,
automatic_transmission,"(□_[0.0, 10.0] (speed < 80.0) || ◇_[0.0, 30.0] (4500.0 < RPM))",Breach,-8912674914493871025,51.0,34.0,-2.3755497357432347,yes,4,300,cmaes,
automatic_transmission,"(□_[0.0, 10.0] (speed < 80.0) || ◇_[0.0, 30.0] (4500.0 < RPM))",Breach,-5429469239583332266,69.0,46.0,-1.1657436144142252,yes,4,300,cmaes,
automatic_transmission,"(□_[0.0, 10.0] (speed < 80.0) || ◇_[0.0, 30.0] (4500.0 < RPM))",Breach,7697740277460248409,90.0,61.0,-2.1533493009024625,yes,4,300,cmaes,
automatic_transmission,"(□_[0.0, 10.0] (speed < 80.0) || ◇_[0.0, 30.0] (4500.0 < RPM))",Breach,6823898353758749145,90.0,61.0,-2.1533493009024625,yes,4,300,cmaes,
automatic_transmission,"(□_[0.0, 10.0] (speed < 80.0) || ◇_[0.0, 30.0] (4500.0 < RPM))",Breach,-765888408110226152,242.0,170.0,-2.769345295046932,yes,4,300,cmaes,
automatic_transmission,"(□_[0.0, 10.0] (speed < 80.0) || ◇_[0.0, 30.0] (4500.0 < RPM))",Breach,1824341877410284492,90.0,61.0,-2.1533493009024625,yes,4,300,cmaes,
automatic_transmission,"(□_[0.0, 10.0] (speed < 80.0) || ◇_[0.0, 30.0] (4500.0 < RPM))",Breach,-9095715445349070663,27.0,18.0,-2.9883859752223145,yes,4,300,cmaes,
automatic_transmission,"(□_[0.0, 10.0] (speed < 50.0) || ◇_[0.0, 30.0] (2700.0 < RPM))",Breach,0,109.0,74.0,-1.0637583179998487,yes,4,300,cmaes,
automatic_transmission,"(□_[0.0, 10.0] (speed < 50.0) || ◇_[0.0, 30.0] (2700.0 < RPM))",Breach,-4962768465676381896,12.0,8.0,-0.9747768025702257,yes,4,300,cmaes,
automatic_transmission,"(□_[0.0, 10.0] (speed < 50.0) || ◇_[0.0, 30.0] (2700.0 < RPM))",Breach,4804307197456638271,12.0,8.0,-4.392896410083445,yes,4,300,cmaes,
automatic_transmission,"(□_[0.0, 10.0] (speed < 50.0) || ◇_[0.0, 30.0] (2700.0 < RPM))",Breach,-1034601897293430941,101.0,69.0,-0.9968527042809185,yes,4,300,cmaes,
automatic_transmission,"(□_[0.0, 10.0] (speed < 50.0) || ◇_[0.0, 30.0] (2700.0 < RPM))",Breach,7848011421992302230,12.0,8.0,-4.392896410083445,yes,4,300,cmaes,
automatic_transmission,"(□_[0.0, 10.0] (speed < 50.0) || ◇_[0.0, 30.0] (2700.0 < RPM))",Breach,-8929183248358367000,64.0,43.0,-0.17975885127842872,yes,4,300,cmaes,
automatic_transmission,"(□_[0.0, 10.0] (speed < 50.0) || ◇_[0.0, 30.0] (2700.0 < RPM))",Breach,488730542833106255,12.0,8.0,-4.392896410083445,yes,4,300,cmaes,
automatic_transmission,"(□_[0.0, 10.0] (speed < 50.0) || ◇_[0.0, 30.0] (2700.0 < RPM))",Breach,5082315122564986995,12.0,8.0,-4.392896410083445,yes,4,300,cmaes,
automatic_transmission,"(□_[0.0, 10.0] (speed < 50.0) || ◇_[0.0, 30.0] (2700.0 < RPM))",Breach,-4023469995120514721,29.0,19.0,-1.2110586132164798,yes,4,300,cmaes,
automatic_transmission,"(□_[0.0, 10.0] (speed < 50.0) || ◇_[0.0, 30.0] (2700.0 < RPM))",Breach,-652523483647487500,300.0,212.0,0.5305122498507444,no,4,300,cmaes,
automatic_transmission,"(□_[0.0, 10.0] (speed < 50.0) || ◇_[0.0, 30.0] (2700.0 < RPM))",Breach,733208966369662072,12.0,8.0,-4.392896410083445,yes,4,300,cmaes,
automatic_transmission,"(□_[0.0, 10.0] (speed < 50.0) || ◇_[0.0, 30.0] (2700.0 < RPM))",Breach,-2859003968966358305,130.0,90.0,-1.7304867279475857,yes,4,300,cmaes,
automatic_transmission,"(□_[0.0, 10.0] (speed < 50.0) || ◇_[0.0, 30.0] (2700.0 < RPM))",Breach,2391129358218448901,12.0,8.0,-4.392896410083445,yes,4,300,cmaes,
automatic_transmission,"(□_[0.0, 10.0] (speed < 50.0) || ◇_[0.0, 30.0] (2700.0 < RPM))",Breach,462804890636782426,12.0,8.0,-4.392896410083445,yes,4,300,cmaes,
automatic_transmission,"(□_[0.0, 10.0] (speed < 50.0) || ◇_[0.0, 30.0] (2700.0 < RPM))",Breach,4152650890530247911,12.0,8.0,-4.392896410083445,yes,4,300,cmaes,
automatic_transmission,"(□_[0.0, 10.0] (speed < 50.0) || ◇_[0.0, 30.0] (2700.0 < RPM))",Breach,-7824937040248809533,37.0,24.0,-1.7856618291002206,yes,4,300,cmaes,
automatic_transmission,"(□_[0.0, 10.0] (speed < 50.0) || ◇_[0.0, 30.0] (2700.0 < RPM))",Breach,-7423161351415864473,54.0,37.0,-0.935246831108465,yes,4,300,cmaes,
automatic_transmission,"(□_[0.0, 10.0] (speed < 50.0) || ◇_[0.0, 30.0] (2700.0 < RPM))",Breach,-1712070416600608528,15.0,10.0,-1.1737733388025617,yes,4,300,cmaes,
automatic_transmission,"(□_[0.0, 10.0] (speed < 50.0) || ◇_[0.0, 30.0] (2700.0 < RPM))",Breach,-7558503418509576542,36.0,24.0,-0.9402286655284939,yes,4,300,cmaes,
automatic_transmission,"(□_[0.0, 10.0] (speed < 50.0) || ◇_[0.0, 30.0] (2700.0 < RPM))",Breach,-1602231814014388968,129.0,89.0,-0.5580709925803831,yes,4,300,cmaes,
automatic_transmission,"(□_[0.0, 10.0] (speed < 50.0) || ◇_[0.0, 30.0] (2700.0 < RPM))",Breach,-8398198349610176347,22.0,15.0,-0.5113334923171351,yes,4,300,cmaes,
automatic_transmission,"(□_[0.0, 10.0] (speed < 50.0) || ◇_[0.0, 30.0] (2700.0 < RPM))",Breach,8543763135442756639,12.0,8.0,-4.392896410083445,yes,4,300,cmaes,
automatic_transmission,"(□_[0.0, 10.0] (speed < 50.0) || ◇_[0.0, 30.0] (2700.0 < RPM))",Breach,-6771948130860443991,82.0,56.0,-0.03218701376646749,yes,4,300,cmaes,
automatic_transmission,"(□_[0.0, 10.0] (speed < 50.0) || ◇_[0.0, 30.0] (2700.0 < RPM))",Breach,-6872183637580745469,130.0,89.0,-2.86815817632187,yes,4,300,cmaes,
automatic_transmission,"(□_[0.0, 10.0] (speed < 50.0) || ◇_[0.0, 30.0] (2700.0 < RPM))",Breach,-4362937514027401353,51.0,35.0,-2.8058193035935517,yes,4,300,cmaes,
automatic_transmission,"(□_[0.0, 10.0] (speed < 50.0) || ◇_[0.0, 30.0] (2700.0 < RPM))",Breach,-645818057311197652,147.0,102.0,-0.8809575713820479,yes,4,300,cmaes,
automatic_transmission,"(□_[0.0, 10.0] (speed < 50.0) || ◇_[0.0, 30.0] (2700.0 < RPM))",Breach,-2589363629201395742,41.0,28.0,-1.4146521241210124,yes,4,300,cmaes,
automatic_transmission,"(□_[0.0, 10.0] (speed < 50.0) || ◇_[0.0, 30.0] (2700.0 < RPM))",Breach,-1292473327617944349,35.0,23.0,-3.6611798724495017,yes,4,300,cmaes,
automatic_transmission,"(□_[0.0, 10.0] (speed < 50.0) || ◇_[0.0, 30.0] (2700.0 < RPM))",Breach,7708962365626450022,12.0,8.0,-4.392896410083445,yes,4,300,cmaes,
automatic_transmission,"(□_[0.0, 10.0] (speed < 50.0) || ◇_[0.0, 30.0] (2700.0 < RPM))",Breach,-1985167797452687559,10.0,6.0,-1.2067160526299574,yes,4,300,cmaes,
automatic_transmission,"(□_[0.0, 10.0] (speed < 50.0) || ◇_[0.0, 30.0] (2700.0 < RPM))",Breach,-9181452172432867415,57.0,39.0,-1.2840583481731116,yes,4,300,cmaes,
automatic_transmission,"(□_[0.0, 10.0] (speed < 50.0) || ◇_[0.0, 30.0] (2700.0 < RPM))",Breach,5136175437742153992,12.0,8.0,-4.392896410083445,yes,4,300,cmaes,
automatic_transmission,"(□_[0.0, 10.0] (speed < 50.0) || ◇_[0.0, 30.0] (2700.0 < RPM))",Breach,2461321076443974826,12.0,8.0,-4.392896410083445,yes,4,300,cmaes,
automatic_transmission,"(□_[0.0, 10.0] (speed < 50.0) || ◇_[0.0, 30.0] (2700.0 < RPM))",Breach,5393678625457699973,12.0,8.0,-4.392896410083445,yes,4,300,cmaes,
automatic_transmission,"(□_[0.0, 10.0] (speed < 50.0) || ◇_[0.0, 30.0] (2700.0 < RPM))",Breach,-5223836593555421482,256.0,181.0,-0.27452323568965653,yes,4,300,cmaes,
automatic_transmission,"(□_[0.0, 10.0] (speed < 50.0) || ◇_[0.0, 30.0] (2700.0 < RPM))",Breach,4231336260356479292,12.0,8.0,-4.392896410083445,yes,4,300,cmaes,
automatic_transmission,"(□_[0.0, 10.0] (speed < 50.0) || ◇_[0.0, 30.0] (2700.0 < RPM))",Breach,80026624404206994,12.0,8.0,-4.392896410083445,yes,4,300,cmaes,
automatic_transmission,"(□_[0.0, 10.0] (speed < 50.0) || ◇_[0.0, 30.0] (2700.0 < RPM))",Breach,5629798281369249587,12.0,8.0,-4.392896410083445,yes,4,300,cmaes,
automatic_transmission,"(□_[0.0, 10.0] (speed < 50.0) || ◇_[0.0, 30.0] (2700.0 < RPM))",Breach,-7970476187495257102,10.0,6.0,-0.4789917603498921,yes,4,300,cmaes,
automatic_transmission,"(□_[0.0, 10.0] (speed < 50.0) || ◇_[0.0, 30.0] (2700.0 < RPM))",Breach,8328412070939253235,12.0,8.0,-4.392896410083445,yes,4,300,cmaes,
automatic_transmission,"(□_[0.0, 10.0] (speed < 50.0) || ◇_[0.0, 30.0] (2700.0 < RPM))",Breach,8613213585075034408,12.0,8.0,-4.392896410083445,yes,4,300,cmaes,
automatic_transmission,"(□_[0.0, 10.0] (speed < 50.0) || ◇_[0.0, 30.0] (2700.0 < RPM))",Breach,7839281802022211816,12.0,8.0,-4.392896410083445,yes,4,300,cmaes,
automatic_transmission,"(□_[0.0, 10.0] (speed < 50.0) || ◇_[0.0, 30.0] (2700.0 < RPM))",Breach,605170570079111320,12.0,8.0,-4.392896410083445,yes,4,300,cmaes,
automatic_transmission,"(□_[0.0, 10.0] (speed < 50.0) || ◇_[0.0, 30.0] (2700.0 < RPM))",Breach,-8912674914493871025,186.0,130.0,-1.4367449873650244,yes,4,300,cmaes,
automatic_transmission,"(□_[0.0, 10.0] (speed < 50.0) || ◇_[0.0, 30.0] (2700.0 < RPM))",Breach,-5429469239583332266,64.0,43.0,-0.4408387318501994,yes,4,300,cmaes,
automatic_transmission,"(□_[0.0, 10.0] (speed < 50.0) || ◇_[0.0, 30.0] (2700.0 < RPM))",Breach,7697740277460248409,12.0,8.0,-4.392896410083445,yes,4,300,cmaes,
automatic_transmission,"(□_[0.0, 10.0] (speed < 50.0) || ◇_[0.0, 30.0] (2700.0 < RPM))",Breach,6823898353758749145,12.0,8.0,-4.392896410083445,yes,4,300,cmaes,
automatic_transmission,"(□_[0.0, 10.0] (speed < 50.0) || ◇_[0.0, 30.0] (2700.0 < RPM))",Breach,-765888408110226152,7.0,4.0,-1.1720450701937324,yes,4,300,cmaes,
automatic_transmission,"(□_[0.0, 10.0] (speed < 50.0) || ◇_[0.0, 30.0] (2700.0 < RPM))",Breach,1824341877410284492,12.0,8.0,-4.392896410083445,yes,4,300,cmaes,
automatic_transmission,"(□_[0.0, 10.0] (speed < 50.0) || ◇_[0.0, 30.0] (2700.0 < RPM))",Breach,-9095715445349070663,200.0,141.0,-0.5254401112520597,yes,4,300,cmaes,
automatic_transmission,"(□_[0.0, 10.0] (speed < 80.0) || ◇_[0.0, 30.0] (4500.0 < RPM))",adaptive,0,5.0,1.0,-6.041439027059852,yes,"2 2 3 3 3 4",300,,0.25
automatic_transmission,"(□_[0.0, 10.0] (speed < 80.0) || ◇_[0.0, 30.0] (4500.0 < RPM))",adaptive,-3395352614480012365,22.0,4.0,-2.2262107994370837,yes,"2 2 3 3 3 4",300,,0.25
automatic_transmission,"(□_[0.0, 10.0] (speed < 80.0) || ◇_[0.0, 30.0] (4500.0 < RPM))",adaptive,-2090705757943921530,23.0,4.0,-2.2262107994370837,yes,"2 2 3 3 3 4",300,,0.25
automatic_transmission,"(□_[0.0, 10.0] (speed < 80.0) || ◇_[0.0, 30.0] (4500.0 < RPM))",adaptive,-6211096958717263035,25.0,4.0,-2.224954512954568,yes,"2 2 3 3 3 4",300,,0.25
automatic_transmission,"(□_[0.0, 10.0] (speed < 80.0) || ◇_[0.0, 30.0] (4500.0 < RPM))",adaptive,5154256514019734506,29.0,5.0,-2.223698226472081,yes,"2 2 3 3 3 4",300,,0.25
automatic_transmission,"(□_[0.0, 10.0] (speed < 80.0) || ◇_[0.0, 30.0] (4500.0 < RPM))",adaptive,-7697202015990875983,20.0,3.0,-2.2262107994370837,yes,"2 2 3 3 3 4",300,,0.25
automatic_transmission,"(□_[0.0, 10.0] (speed < 80.0) || ◇_[0.0, 30.0] (4500.0 < RPM))",adaptive,-8868162832443184757,48.0,9.0,-2.223855262282399,yes,"2 2 3 3 3 4",300,,0.25
automatic_transmission,"(□_[0.0, 10.0] (speed < 80.0) || ◇_[0.0, 30.0] (4500.0 < RPM))",adaptive,5255274296619682401,55.0,10.0,-2.224954512954568,yes,"2 2 3 3 3 4",300,,0.25
automatic_transmission,"(□_[0.0, 10.0] (speed < 80.0) || ◇_[0.0, 30.0] (4500.0 < RPM))",adaptive,-6485995214530596328,29.0,5.0,-6.0439516000248545,yes,"2 2 3 3 3 4",300,,0.25
automatic_transmission,"(□_[0.0, 10.0] (speed < 80.0) || ◇_[0.0, 30.0] (4500.0 < RPM))",adaptive,-4067799237844930696,16.0,3.0,-2.223698226472081,yes,"2 2 3 3 3 4",300,,0.25
automatic_transmission,"(□_[0.0, 10.0] (speed < 80.0) || ◇_[0.0, 30.0] (4500.0 < RPM))",adaptive,-1361635991625605608,22.0,4.0,-2.223698226472081,yes,"2 2 3 3 3 4",300,,0.25
automatic_transmission,"(□_[0.0, 10.0] (speed < 80.0) || ◇_[0.0, 30.0] (4500.0 < RPM))",adaptive,7757790005328196773,26.0,4.0,-2.223698226472081,yes,"2 2 3 3 3 4",300,,0.25
automatic_transmission,"(□_[0.0, 10.0] (speed < 80.0) || ◇_[0.0, 30.0] (4500.0 < RPM))",adaptive,-164320622539322078,36.0,6.0,-2.224954512954568,yes,"2 2 3 3 3 4",300,,0.25
automatic_transmission,"(□_[0.0, 10.0] (speed < 80.0) || ◇_[0.0, 30.0] (4500.0 < RPM))",adaptive,-7312348888522075762,15.0,2.0,-2.223698226472081,yes,"2 2 3 3 3 4",300,,0.25
automatic_transmission,"(□_[0.0, 10.0] (speed < 80.0) || ◇_[0.0, 30.0] (4500.0 < RPM))",adaptive,5817583431741544636,13.0,2.0,-2.2262107994370837,yes,"2 2 3 3 3 4",300,,0.25
automatic_transmission,"(□_[0.0, 10.0] (speed < 80.0) || ◇_[0.0, 30.0] (4500.0 < RPM))",adaptive,-6695329118683043843,7.0,1.0,-2.223698226472081,yes,"2 2 3 3 3 4",300,,0.25
automatic_transmission,"(□_[0.0, 10.0] (speed < 80.0) || ◇_[0.0, 30.0] (4500.0 < RPM))",adaptive,5629699385775068927,32.0,6.0,-2.223698226472081,yes,"2 2 3 3 3 4",300,,0.25
automatic_transmission,"(□_[0.0, 10.0] (speed < 80.0) || ◇_[0.0, 30.0] (4500.0 < RPM))",adaptive,-2343639057891147263,26.0,4.0,-6.0439516000248545,yes,"2 2 3 3 3 4",300,,0.25
automatic_transmission,"(□_[0.0, 10.0] (speed < 80.0) || ◇_[0.0, 30.0] (4500.0 < RPM))",adaptive,-7409229749234215865,47.0,8.0,-2.224954512954568,yes,"2 2 3 3 3 4",300,,0.25
automatic_transmission,"(□_[0.0, 10.0] (speed < 80.0) || ◇_[0.0, 30.0] (4500.0 < RPM))",adaptive,3356028325255613531,27.0,4.0,-2.2262107994370837,yes,"2 2 3 3 3 4",300,,0.25
automatic_transmission,"(□_[0.0, 10.0] (speed < 80.0) || ◇_[0.0, 30.0] (4500.0 < RPM))",adaptive,7729545964017830814,33.0,6.0,-2.2262107994370837,yes,"2 2 3 3 3 4",300,,0.25
automatic_transmission,"(□_[0.0, 10.0] (speed < 80.0) || ◇_[0.0, 30.0] (4500.0 < RPM))",adaptive,3597208445317122686,12.0,2.0,-2.2262107994370837,yes,"2 2 3 3 3 4",300,,0.25
automatic_transmission,"(□_[0.0, 10.0] (speed < 80.0) || ◇_[0.0, 30.0] (4500.0 < RPM))",adaptive,3030923097735328489,12.0,2.0,-2.223698226472081,yes,"2 2 3 3 3 4",300,,0.25
automatic_transmission,"(□_[0.0, 10.0] (speed < 80.0) || ◇_[0.0, 30.0] (4500.0 < RPM))",adaptive,-2741220694674326626,17.0,3.0,-2.2262107994370837,yes,"2 2 3 3 3 4",300,,0.25
automatic_transmission,"(□_[0.0, 10.0] (speed < 80.0) || ◇_[0.0, 30.0] (4500.0 < RPM))",adaptive,8315660574497694399,29.0,5.0,-2.2262107994370837,yes,"2 2 3 3 3 4",300,,0.25
automatic_transmission,"(□_[0.0, 10.0] (speed < 80.0) || ◇_[0.0, 30.0] (4500.0 < RPM))",adaptive,-4230218305866522217,16.0,3.0,-2.225582656195826,yes,"2 2 3 3 3 4",300,,0.25
automatic_transmission,"(□_[0.0, 10.0] (speed < 80.0) || ◇_[0.0, 30.0] (4500.0 < RPM))",adaptive,850486166261041419,12.0,2.0,-2.223698226472081,yes,"2 2 3 3 3 4",300,,0.25
automatic_transmission,"(□_[0.0, 10.0] (speed < 80.0) || ◇_[0.0, 30.0] (4500.0 < RPM))",adaptive,563778934074066780,17.0,3.0,-2.223698226472081,yes,"2 2 3 3 3 4",300,,0.25
automatic_transmission,"(□_[0.0, 10.0] (speed < 80.0) || ◇_[0.0, 30.0] (4500.0 < RPM))",adaptive,5480077719079455172,32.0,6.0,-2.223698226472081,yes,"2 2 3 3 3 4",300,,0.25
automatic_transmission,"(□_[0.0, 10.0] (speed < 80.0) || ◇_[0.0, 30.0] (4500.0 < RPM))",adaptive,7149034964811127394,19.0,3.0,-2.224954512954568,yes,"2 2 3 3 3 4",300,,0.25
automatic_transmission,"(□_[0.0, 10.0] (speed < 80.0) || ◇_[0.0, 30.0] (4500.0 < RPM))",adaptive,1003713059791241186,18.0,3.0,-2.224954512954568,yes,"2 2 3 3 3 4",300,,0.25
automatic_transmission,"(□_[0.0, 10.0] (speed < 80.0) || ◇_[0.0, 30.0] (4500.0 < RPM))",adaptive,-4286139675522419968,12.0,2.0,-2.2262107994370837,yes,"2 2 3 3 3 4",300,,0.25
automatic_transmission,"(□_[0.0, 10.0] (speed < 80.0) || ◇_[0.0, 30.0] (4500.0 < RPM))",adaptive,-844272203133541202,27.0,5.0,-2.223698226472081,yes,"2 2 3 3 3 4",300,,0.25
automatic_transmission,"(□_[0.0, 10.0] (speed < 80.0) || ◇_[0.0, 30.0] (4500.0 < RPM))",adaptive,-4385459262438974776,3.0,0.0,-2.223698226472081,yes,"2 2 3 3 3 4",300,,0.25
automatic_transmission,"(□_[0.0, 10.0] (speed < 80.0) || ◇_[0.0, 30.0] (4500.0 < RPM))",adaptive,5239562845505611295,11.0,2.0,-2.2243263697133244,yes,"2 2 3 3 3 4",300,,0.25
automatic_transmission,"(□_[0.0, 10.0] (speed < 80.0) || ◇_[0.0, 30.0] (4500.0 < RPM))",adaptive,3827999437368503513,16.0,2.0,-2.223698226472081,yes,"2 2 3 3 3 4",300,,0.25
automatic_transmission,"(□_[0.0, 10.0] (speed < 80.0) || ◇_[0.0, 30.0] (4500.0 < RPM))",adaptive,-1007360260949124500,20.0,3.0,-2.224954512954568,yes,"2 2 3 3 3 4",300,,0.25
automatic_transmission,"(□_[0.0, 10.0] (speed < 80.0) || ◇_[0.0, 30.0] (4500.0 < RPM))",adaptive,7609806805451500508,18.0,3.0,-2.2262107994370837,yes,"2 2 3 3 3 4",300,,0.25
automatic_transmission,"(□_[0.0, 10.0] (speed < 80.0) || ◇_[0.0, 30.0] (4500.0 < RPM))",adaptive,8083348241125520394,32.0,5.0,-2.223698226472081,yes,"2 2 3 3 3 4",300,,0.25
automatic_transmission,"(□_[0.0, 10.0] (speed < 80.0) || ◇_[0.0, 30.0] (4500.0 < RPM))",adaptive,-2809979853580361679,39.0,7.0,-2.2262107994370837,yes,"2 2 3 3 3 4",300,,0.25
automatic_transmission,"(□_[0.0, 10.0] (speed < 80.0) || ◇_[0.0, 30.0] (4500.0 < RPM))",adaptive,-8308122940353789981,22.0,4.0,-2.2262107994370837,yes,"2 2 3 3 3 4",300,,0.25
automatic_transmission,"(□_[0.0, 10.0] (speed < 80.0) || ◇_[0.0, 30.0] (4500.0 < RPM))",adaptive,6274781253752831402,26.0,4.0,-2.2262107994370837,yes,"2 2 3 3 3 4",300,,0.25
automatic_transmission,"(□_[0.0, 10.0] (speed < 80.0) || ◇_[0.0, 30.0] (4500.0 < RPM))",adaptive,5090510237403200894,9.0,1.0,-2.225582656195826,yes,"2 2 3 3 3 4",300,,0.25
automatic_transmission,"(□_[0.0, 10.0] (speed < 80.0) || ◇_[0.0, 30.0] (4500.0 < RPM))",adaptive,8659019479036259728,28.0,5.0,-2.223698226472081,yes,"2 2 3 3 3 4",300,,0.25
automatic_transmission,"(□_[0.0, 10.0] (speed < 80.0) || ◇_[0.0, 30.0] (4500.0 < RPM))",adaptive,-1823207362480415201,21.0,3.0,-2.223698226472081,yes,"2 2 3 3 3 4",300,,0.25
automatic_transmission,"(□_[0.0, 10.0] (speed < 80.0) || ◇_[0.0, 30.0] (4500.0 < RPM))",adaptive,7428101757393585278,22.0,4.0,-2.223698226472081,yes,"2 2 3 3 3 4",300,,0.25
automatic_transmission,"(□_[0.0, 10.0] (speed < 80.0) || ◇_[0.0, 30.0] (4500.0 < RPM))",adaptive,-848421430148020233,21.0,4.0,-2.2262107994370837,yes,"2 2 3 3 3 4",300,,0.25
automatic_transmission,"(□_[0.0, 10.0] (speed < 80.0) || ◇_[0.0, 30.0] (4500.0 < RPM))",adaptive,6164765709649160833,26.0,4.0,-2.223698226472081,yes,"2 2 3 3 3 4",300,,0.25
automatic_transmission,"(□_[0.0, 10.0] (speed < 80.0) || ◇_[0.0, 30.0] (4500.0 < RPM))",adaptive,7767332074389515963,26.0,4.0,-2.224954512954568,yes,"2 2 3 3 3 4",300,,0.25
automatic_transmission,"(□_[0.0, 10.0] (speed < 80.0) || ◇_[0.0, 30.0] (4500.0 < RPM))",adaptive,6688241632007730595,19.0,3.0,-2.223698226472081,yes,"2 2 3 3 3 4",300,,0.25
automatic_transmission,"(□_[0.0, 10.0] (speed < 50.0) || ◇_[0.0, 30.0] (2700.0 < RPM))",adaptive,0,47.0,8.0,-1.501937034466863,yes,"2 2 3 3 3 4",300,,0.25
automatic_transmission,"(□_[0.0, 10.0] (speed < 50.0) || ◇_[0.0, 30.0] (2700.0 < RPM))",adaptive,314851395928121051,78.0,14.0,-1.5031933209493644,yes,"2 2 3 3 3 4",300,,0.25
automatic_transmission,"(□_[0.0, 10.0] (speed < 50.0) || ◇_[0.0, 30.0] (2700.0 < RPM))",adaptive,9071218152793137657,48.0,8.0,-1.5044496074318587,yes,"2 2 3 3 3 4",300,,0.25
automatic_transmission,"(□_[0.0, 10.0] (speed < 50.0) || ◇_[0.0, 30.0] (2700.0 < RPM))",adaptive,-5734776472010626861,60.0,11.0,-1.5031933209493644,yes,"2 2 3 3 3 4",300,,0.25
automatic_transmission,"(□_[0.0, 10.0] (speed < 50.0) || ◇_[0.0, 30.0] (2700.0 < RPM))",adaptive,-7896651258543554849,42.0,8.0,-1.5044496074318587,yes,"2 2 3 3 3 4",300,,0.25
automatic_transmission,"(□_[0.0, 10.0] (speed < 50.0) || ◇_[0.0, 30.0] (2700.0 < RPM))",adaptive,-5881303735961112536,58.0,11.0,-1.5031933209493644,yes,"2 2 3 3 3 4",300,,0.25
automatic_transmission,"(□_[0.0, 10.0] (speed < 50.0) || ◇_[0.0, 30.0] (2700.0 < RPM))",adaptive,-3909968683258892784,27.0,5.0,-1.5031933209493644,yes,"2 2 3 3 3 4",300,,0.25
automatic_transmission,"(□_[0.0, 10.0] (speed < 50.0) || ◇_[0.0, 30.0] (2700.0 < RPM))",adaptive,7403158834490313553,32.0,6.0,-1.501937034466863,yes,"2 2 3 3 3 4",300,,0.25
automatic_transmission,"(□_[0.0, 10.0] (speed < 50.0) || ◇_[0.0, 30.0] (2700.0 < RPM))",adaptive,2970225796377744311,28.0,5.0,-1.5031933209493644,yes,"2 2 3 3 3 4",300,,0.25
automatic_transmission,"(□_[0.0, 10.0] (speed < 50.0) || ◇_[0.0, 30.0] (2700.0 < RPM))",adaptive,-7775996903618535265,43.0,8.0,-1.5025651777081066,yes,"2 2 3 3 3 4",300,,0.25
automatic_transmission,"(□_[0.0, 10.0] (speed < 50.0) || ◇_[0.0, 30.0] (2700.0 < RPM))",adaptive,6117170970509089887,95.0,18.0,-1.501937034466863,yes,"2 2 3 3 3 4",300,,0.25
automatic_transmission,"(□_[0.0, 10.0] (speed < 50.0) || ◇_[0.0, 30.0] (2700.0 < RPM))",adaptive,-9056049454962337219,103.0,20.0,-1.501937034466863,yes,"2 2 3 3 3 4",300,,0.25
automatic_transmission,"(□_[0.0, 10.0] (speed < 50.0) || ◇_[0.0, 30.0] (2700.0 < RPM))",adaptive,-8250399147149224315,80.0,15.0,-1.5025651777081066,yes,"2 2 3 3 3 4",300,,0.25
automatic_transmission,"(□_[0.0, 10.0] (speed < 50.0) || ◇_[0.0, 30.0] (2700.0 < RPM))",adaptive,3472150453834950042,38.0,7.0,-1.5044496074318587,yes,"2 2 3 3 3 4",300,,0.25
automatic_transmission,"(□_[0.0, 10.0] (speed < 50.0) || ◇_[0.0, 30.0] (2700.0 < RPM))",adaptive,-2530628091797082964,47.0,8.0,-1.501937034466863,yes,"2 2 3 3 3 4",300,,0.25
automatic_transmission,"(□_[0.0, 10.0] (speed < 50.0) || ◇_[0.0, 30.0] (2700.0 < RPM))",adaptive,-9210271278156653753,33.0,6.0,-1.5044496074318587,yes,"2 2 3 3 3 4",300,,0.25
automatic_transmission,"(□_[0.0, 10.0] (speed < 50.0) || ◇_[0.0, 30.0] (2700.0 < RPM))",adaptive,-3125765779338218108,49.0,9.0,-1.5044496074318587,yes,"2 2 3 3 3 4",300,,0.25
automatic_transmission,"(□_[0.0, 10.0] (speed < 50.0) || ◇_[0.0, 30.0] (2700.0 < RPM))",adaptive,5661578678589137472,20.0,3.0,-1.5022511060874848,yes,"2 2 3 3 3 4",300,,0.25
automatic_transmission,"(□_[0.0, 10.0] (speed < 50.0) || ◇_[0.0, 30.0] (2700.0 < RPM))",adaptive,-5858622494579288512,56.0,11.0,-1.5031933209493644,yes,"2 2 3 3 3 4",300,,0.25
automatic_transmission,"(□_[0.0, 10.0] (speed < 50.0) || ◇_[0.0, 30.0] (2700.0 < RPM))",adaptive,783392847244362256,21.0,4.0,-1.5044496074318587,yes,"2 2 3 3 3 4",300,,0.25
automatic_transmission,"(□_[0.0, 10.0] (speed < 50.0) || ◇_[0.0, 30.0] (2700.0 < RPM))",adaptive,-2061463174196035391,69.0,13.0,-1.501937034466863,yes,"2 2 3 3 3 4",300,,0.25
automatic_transmission,"(□_[0.0, 10.0] (speed < 50.0) || ◇_[0.0, 30.0] (2700.0 < RPM))",adaptive,5257773921388784411,109.0,20.0,-1.5044496074318587,yes,"2 2 3 3 3 4",300,,0.25
automatic_transmission,"(□_[0.0, 10.0] (speed < 50.0) || ◇_[0.0, 30.0] (2700.0 < RPM))",adaptive,1321960164503073763,30.0,5.0,-1.501937034466863,yes,"2 2 3 3 3 4",300,,0.25
automatic_transmission,"(□_[0.0, 10.0] (speed < 50.0) || ◇_[0.0, 30.0] (2700.0 < RPM))",adaptive,-4091959759408271331,29.0,5.0,-1.501937034466863,yes,"2 2 3 3 3 4",300,,0.25
automatic_transmission,"(□_[0.0, 10.0] (speed < 50.0) || ◇_[0.0, 30.0] (2700.0 < RPM))",adaptive,399141356010451232,25.0,4.0,-1.501937034466863,yes,"2 2 3 3 3 4",300,,0.25
automatic_transmission,"(□_[0.0, 10.0] (speed < 50.0) || ◇_[0.0, 30.0] (2700.0 < RPM))",adaptive,1979468175198225560,53.0,10.0,-1.5031933209493644,yes,"2 2 3 3 3 4",300,,0.25
automatic_transmission,"(□_[0.0, 10.0] (speed < 50.0) || ◇_[0.0, 30.0] (2700.0 < RPM))",adaptive,-2786018503823818630,28.0,5.0,-1.5044496074318587,yes,"2 2 3 3 3 4",300,,0.25
automatic_transmission,"(□_[0.0, 10.0] (speed < 50.0) || ◇_[0.0, 30.0] (2700.0 < RPM))",adaptive,-8189998299623619922,25.0,4.0,-1.5031933209493644,yes,"2 2 3 3 3 4",300,,0.25
automatic_transmission,"(□_[0.0, 10.0] (speed < 50.0) || ◇_[0.0, 30.0] (2700.0 < RPM))",adaptive,-1238182642628669021,24.0,4.0,-1.5031933209493644,yes,"2 2 3 3 3 4",300,,0.25
automatic_transmission,"(□_[0.0, 10.0] (speed < 50.0) || ◇_[0.0, 30.0] (2700.0 < RPM))",adaptive,-2440191844082144839,73.0,13.0,-1.5031933209493644,yes,"2 2 3 3 3 4",300,,0.25
automatic_transmission,"(□_[0.0, 10.0] (speed < 50.0) || ◇_[0.0, 30.0] (2700.0 < RPM))",adaptive,3812617848029351437,66.0,12.0,-1.5025651777081066,yes,"2 2 3 3 3 4",300,,0.25
automatic_transmission,"(□_[0.0, 10.0] (speed < 50.0) || ◇_[0.0, 30.0] (2700.0 < RPM))",adaptive,2483399182279261281,47.0,8.0,-1.5044496074318587,yes,"2 2 3 3 3 4",300,,0.25
automatic_transmission,"(□_[0.0, 10.0] (speed < 50.0) || ◇_[0.0, 30.0] (2700.0 < RPM))",adaptive,-7655566204510606276,23.0,4.0,-1.503821464190608,yes,"2 2 3 3 3 4",300,,0.25
automatic_transmission,"(□_[0.0, 10.0] (speed < 50.0) || ◇_[0.0, 30.0] (2700.0 < RPM))",adaptive,-1099416027473340415,118.0,22.0,-1.5044496074318587,yes,"2 2 3 3 3 4",300,,0.25
automatic_transmission,"(□_[0.0, 10.0] (speed < 50.0) || ◇_[0.0, 30.0] (2700.0 < RPM))",adaptive,1904942669222920611,31.0,6.0,-1.5044496074318587,yes,"2 2 3 3 3 4",300,,0.25
automatic_transmission,"(□_[0.0, 10.0] (speed < 50.0) || ◇_[0.0, 30.0] (2700.0 < RPM))",adaptive,3684123866908440093,52.0,10.0,-1.5044496074318587,yes,"2 2 3 3 3 4",300,,0.25
automatic_transmission,"(□_[0.0, 10.0] (speed < 50.0) || ◇_[0.0, 30.0] (2700.0 < RPM))",adaptive,2519835757038516610,40.0,7.0,-1.5031933209493644,yes,"2 2 3 3 3 4",300,,0.25
automatic_transmission,"(□_[0.0, 10.0] (speed < 50.0) || ◇_[0.0, 30.0] (2700.0 < RPM))",adaptive,-2558308656108092873,51.0,9.0,-1.5031933209493644,yes,"2 2 3 3 3 4",300,,0.25
automatic_transmission,"(□_[0.0, 10.0] (speed < 50.0) || ◇_[0.0, 30.0] (2700.0 < RPM))",adaptive,-4034165598814935216,61.0,11.0,-1.5031933209493644,yes,"2 2 3 3 3 4",300,,0.25
automatic_transmission,"(□_[0.0, 10.0] (speed < 50.0) || ◇_[0.0, 30.0] (2700.0 < RPM))",adaptive,2878773874040215545,36.0,6.0,-1.501937034466863,yes,"2 2 3 3 3 4",300,,0.25
automatic_transmission,"(□_[0.0, 10.0] (speed < 50.0) || ◇_[0.0, 30.0] (2700.0 < RPM))",adaptive,4793752928279633282,31.0,5.0,-1.503821464190608,yes,"2 2 3 3 3 4",300,,0.25
automatic_transmission,"(□_[0.0, 10.0] (speed < 50.0) || ◇_[0.0, 30.0] (2700.0 < RPM))",adaptive,7341250929446496782,39.0,7.0,-1.5044496074318587,yes,"2 2 3 3 3 4",300,,0.25
automatic_transmission,"(□_[0.0, 10.0] (speed < 50.0) || ◇_[0.0, 30.0] (2700.0 < RPM))",adaptive,5009423213104267413,41.0,7.0,-1.5031933209493644,yes,"2 2 3 3 3 4",300,,0.25
automatic_transmission,"(□_[0.0, 10.0] (speed < 50.0) || ◇_[0.0, 30.0] (2700.0 < RPM))",adaptive,8398131510844509988,19.0,3.0,-1.5031933209493644,yes,"2 2 3 3 3 4",300,,0.25
automatic_transmission,"(□_[0.0, 10.0] (speed < 50.0) || ◇_[0.0, 30.0] (2700.0 < RPM))",adaptive,-425791213901940698,56.0,10.0,-1.5044496074318587,yes,"2 2 3 3 3 4",300,,0.25
automatic_transmission,"(□_[0.0, 10.0] (speed < 50.0) || ◇_[0.0, 30.0] (2700.0 < RPM))",adaptive,2128497215210730704,66.0,12.0,-1.5044496074318587,yes,"2 2 3 3 3 4",300,,0.25
automatic_transmission,"(□_[0.0, 10.0] (speed < 50.0) || ◇_[0.0, 30.0] (2700.0 < RPM))",adaptive,6613141304237231338,35.0,6.0,-1.5044496074318587,yes,"2 2 3 3 3 4",300,,0.25
automatic_transmission,"(□_[0.0, 10.0] (speed < 50.0) || ◇_[0.0, 30.0] (2700.0 < RPM))",adaptive,4481414029132217353,30.0,5.0,-1.501937034466863,yes,"2 2 3 3 3 4",300,,0.25
automatic_transmission,"(□_[0.0, 10.0] (speed < 50.0) || ◇_[0.0, 30.0] (2700.0 < RPM))",adaptive,7895264074245663132,32.0,6.0,-1.5031933209493644,yes,"2 2 3 3 3 4",300,,0.25
automatic_transmission,"(□_[0.0, 10.0] (speed < 50.0) || ◇_[0.0, 30.0] (2700.0 < RPM))",adaptive,4410687185976747630,35.0,6.0,-1.501937034466863,yes,"2 2 3 3 3 4",300,,0.25

